branch_id,date,cash_withdrawn,withdrawals_cnt
1,2025-08-16,3260.16,217
1,2025-08-15,3413.26,137
1,2025-08-14,3705.37,212
1,2025-08-13,3484.51,157
1,2025-08-12,3089.78,164
1,2025-08-11,3009.79,138
1,2025-08-10,3019.19,180
1,2025-08-09,3370.36,126
1,2025-08-08,3485.82,195
1,2025-08-07,3670.14,162
1,2025-08-06,3343.44,165
1,2025-08-05,3299.64,154
1,2025-08-04,3184.84,200
1,2025-08-03,3223.73,203
1,2025-08-02,3321.24,177
1,2025-08-01,3832.97,129
1,2025-07-31,3690.93,141
1,2025-07-30,3538.06,206
1,2025-07-29,2826.27,144
1,2025-07-28,3036.97,189
1,2025-07-27,3117.5,107
1,2025-07-26,3559.09,144
1,2025-07-25,3505.38,209
1,2025-07-24,3620.04,220
1,2025-07-23,3500.31,172
1,2025-07-22,3040.4,227
1,2025-07-21,2951.63,203
1,2025-07-20,3277.57,162
1,2025-07-19,3260.85,152
1,2025-07-18,3593.78,149
1,2025-07-17,3598.21,154
1,2025-07-16,3501.13,218
1,2025-07-15,3225.55,200
1,2025-07-14,3006.65,174
1,2025-07-13,3207.45,164
1,2025-07-12,3291.97,154
1,2025-07-11,3595.48,212
1,2025-07-10,3718.57,121
1,2025-07-09,3415.76,163
1,2025-07-08,3260.07,172
1,2025-07-07,2943.76,164
1,2025-07-06,3079.28,204
1,2025-07-05,3373.89,209
1,2025-07-04,3681.03,143
1,2025-07-03,3968.21,188
1,2025-07-02,3638.68,172
1,2025-07-01,3225.47,214
1,2025-06-30,3094.33,158
1,2025-06-29,2971.51,138
1,2025-06-28,3157.72,186
1,2025-06-27,3830.15,216
1,2025-06-26,3575.38,172
1,2025-06-25,3438.29,186
1,2025-06-24,3246.28,223
1,2025-06-23,3067.54,202
1,2025-06-22,3136.69,168
1,2025-06-21,3411.78,154
1,2025-06-20,3475.33,171
1,2025-06-19,3730.16,226
1,2025-06-18,3633.46,184
1,2025-06-17,3041.84,160
1,2025-06-16,3141.09,187
1,2025-06-15,2817.22,217
1,2025-06-14,3230.23,222
1,2025-06-13,3558.57,148
1,2025-06-12,3586.53,189
1,2025-06-11,3460.89,205
1,2025-06-10,3195.35,177
1,2025-06-09,2968.78,143
1,2025-06-08,3106.41,182
1,2025-06-07,3300.78,176
1,2025-06-06,3580.25,174
1,2025-06-05,3704.07,206
1,2025-06-04,3483.79,156
1,2025-06-03,3457.35,202
1,2025-06-02,3024.46,162
1,2025-06-01,3063.07,206
1,2025-05-31,3209.21,175
1,2025-05-30,3607.74,202
1,2025-05-29,3947.48,85
1,2025-05-28,3482.85,186
1,2025-05-27,3262.03,146
1,2025-05-26,2979.04,145
1,2025-05-25,3058.87,159
1,2025-05-24,3311.16,217
1,2025-05-23,3611.67,212
1,2025-05-22,3584.29,161
1,2025-05-21,3338.11,131
1,2025-05-20,3020.63,172
1,2025-05-19,3004.45,180
1,2025-05-18,3300.35,151
1,2025-05-17,3241.91,139
1,2025-05-16,3751.04,176
1,2025-05-15,3661.56,236
1,2025-05-14,3580.39,154
1,2025-05-13,3440.79,161
1,2025-05-12,3048.34,190
1,2025-05-11,2971.0,181
1,2025-05-10,3235.8,185
1,2025-05-09,3236.63,215
1,2025-05-08,3528.13,207
1,2025-05-07,3363.13,178
1,2025-05-06,3180.04,184
1,2025-05-05,2922.99,186
1,2025-05-04,2967.85,162
1,2025-05-03,3339.85,142
1,2025-05-02,3444.24,190
1,2025-05-01,3475.27,177
1,2025-04-30,3336.63,220
1,2025-04-29,3122.02,160
1,2025-04-28,2963.09,110
1,2025-04-27,3024.9,170
1,2025-04-26,3257.19,159
1,2025-04-25,3645.8,141
1,2025-04-24,3739.89,143
1,2025-04-23,3565.62,218
1,2025-04-22,3369.88,179
1,2025-04-21,2907.32,211
1,2025-04-20,3143.93,202
1,2025-04-19,3262.49,176
2,2025-08-16,2932.68,170
2,2025-08-15,3120.86,163
2,2025-08-14,2862.73,150
2,2025-08-13,2884.5,187
2,2025-08-12,2796.63,178
2,2025-08-11,2500.6,219
2,2025-08-10,2618.57,164
2,2025-08-09,2829.83,156
2,2025-08-08,3064.74,177
2,2025-08-07,3100.23,208
2,2025-08-06,2933.72,156
2,2025-08-05,2747.15,164
2,2025-08-04,2598.5,184
2,2025-08-03,2616.66,169
2,2025-08-02,2847.59,187
2,2025-08-01,3381.32,242
2,2025-07-31,2937.68,176
2,2025-07-30,3041.25,176
2,2025-07-29,2817.7,231
2,2025-07-28,2533.53,189
2,2025-07-27,2511.41,172
2,2025-07-26,2594.04,135
2,2025-07-25,2900.63,117
2,2025-07-24,3016.91,199
2,2025-07-23,3126.12,164
2,2025-07-22,2954.13,201
2,2025-07-21,2227.09,129
2,2025-07-20,2721.35,147
2,2025-07-19,2845.82,149
2,2025-07-18,3135.96,185
2,2025-07-17,3018.91,163
2,2025-07-16,3127.87,178
2,2025-07-15,2480.89,173
2,2025-07-14,2463.07,181
2,2025-07-13,2619.88,194
2,2025-07-12,3111.77,123
2,2025-07-11,3067.85,200
2,2025-07-10,3159.21,203
2,2025-07-09,2975.04,160
2,2025-07-08,2840.5,181
2,2025-07-07,2743.13,124
2,2025-07-06,2670.49,171
2,2025-07-05,2935.29,189
2,2025-07-04,3112.79,164
2,2025-07-03,3177.45,169
2,2025-07-02,3099.72,180
2,2025-07-01,2776.74,218
2,2025-06-30,2587.02,104
2,2025-06-29,2682.92,194
2,2025-06-28,2740.34,212
2,2025-06-27,3151.52,153
2,2025-06-26,2981.84,148
2,2025-06-25,3076.54,183
2,2025-06-24,2638.77,194
2,2025-06-23,2694.86,171
2,2025-06-22,2666.95,173
2,2025-06-21,2788.91,223
2,2025-06-20,3050.01,181
2,2025-06-19,3055.72,183
2,2025-06-18,3038.29,232
2,2025-06-17,2725.78,124
2,2025-06-16,2599.39,144
2,2025-06-15,2620.22,190
2,2025-06-14,2607.21,220
2,2025-06-13,3068.21,193
2,2025-06-12,3174.54,189
2,2025-06-11,2931.2,239
2,2025-06-10,2722.63,147
2,2025-06-09,2720.5,176
2,2025-06-08,2527.41,210
2,2025-06-07,2790.91,162
2,2025-06-06,2845.6,173
2,2025-06-05,3236.7,197
2,2025-06-04,3207.9,193
2,2025-06-03,2539.98,191
2,2025-06-02,2888.61,228
2,2025-06-01,2825.78,164
2,2025-05-31,2776.4,182
2,2025-05-30,3039.92,164
2,2025-05-29,3257.56,159
2,2025-05-28,2756.06,195
2,2025-05-27,2695.44,129
2,2025-05-26,2568.32,169
2,2025-05-25,2538.6,216
2,2025-05-24,2917.64,236
2,2025-05-23,2995.05,124
2,2025-05-22,3175.79,194
2,2025-05-21,2847.38,167
2,2025-05-20,2805.3,185
2,2025-05-19,2510.92,233
2,2025-05-18,2444.07,194
2,2025-05-17,2777.44,184
2,2025-05-16,3023.0,140
2,2025-05-15,3176.17,172
2,2025-05-14,2896.51,184
2,2025-05-13,2794.38,112
2,2025-05-12,2626.13,177
2,2025-05-11,2506.74,168
2,2025-05-10,2720.19,176
2,2025-05-09,3050.27,193
2,2025-05-08,3142.88,227
2,2025-05-07,2768.05,188
2,2025-05-06,2540.11,216
2,2025-05-05,2546.96,159
2,2025-05-04,2761.6,196
2,2025-05-03,2893.01,213
2,2025-05-02,3127.79,177
2,2025-05-01,3101.38,187
2,2025-04-30,2981.89,209
2,2025-04-29,2879.51,197
2,2025-04-28,2613.34,153
2,2025-04-27,2568.62,228
2,2025-04-26,2602.72,183
2,2025-04-25,3082.15,235
2,2025-04-24,3237.85,152
2,2025-04-23,2929.4,210
2,2025-04-22,2937.48,215
2,2025-04-21,2630.11,188
2,2025-04-20,2776.84,176
2,2025-04-19,2740.06,195
3,2025-08-16,3158.94,132
3,2025-08-15,3629.0,179
3,2025-08-14,3591.57,167
3,2025-08-13,3437.53,156
3,2025-08-12,3072.65,179
3,2025-08-11,2824.96,181
3,2025-08-10,2936.73,118
3,2025-08-09,3193.47,196
3,2025-08-08,3508.1,139
3,2025-08-07,3375.36,125
3,2025-08-06,3347.49,186
3,2025-08-05,3014.47,167
3,2025-08-04,2683.27,217
3,2025-08-03,2988.14,225
3,2025-08-02,3142.07,219
3,2025-08-01,3592.39,239
3,2025-07-31,3533.01,137
3,2025-07-30,3152.63,209
3,2025-07-29,2845.05,184
3,2025-07-28,3030.38,134
3,2025-07-27,3037.27,172
3,2025-07-26,3275.36,192
3,2025-07-25,3596.15,178
3,2025-07-24,3759.87,169
3,2025-07-23,3212.29,221
3,2025-07-22,3200.06,143
3,2025-07-21,2998.29,193
3,2025-07-20,2791.87,173
3,2025-07-19,3219.52,149
3,2025-07-18,3423.01,159
3,2025-07-17,3330.22,185
3,2025-07-16,3292.56,105
3,2025-07-15,2970.45,177
3,2025-07-14,2894.89,157
3,2025-07-13,3045.1,127
3,2025-07-12,3196.72,157
3,2025-07-11,3353.34,197
3,2025-07-10,3452.79,137
3,2025-07-09,3437.74,167
3,2025-07-08,2923.82,154
3,2025-07-07,2862.03,170
3,2025-07-06,2939.12,193
3,2025-07-05,3292.98,200
3,2025-07-04,3384.18,211
3,2025-07-03,3679.28,208
3,2025-07-02,3421.91,184
3,2025-07-01,3314.05,163
3,2025-06-30,3043.65,172
3,2025-06-29,2875.13,175
3,2025-06-28,3078.59,195
3,2025-06-27,3387.43,132
3,2025-06-26,3631.28,191
3,2025-06-25,3357.07,204
3,2025-06-24,2903.51,208
3,2025-06-23,2904.82,172
3,2025-06-22,2894.76,127
3,2025-06-21,3101.0,151
3,2025-06-20,3493.11,163
3,2025-06-19,3452.91,194
3,2025-06-18,3355.46,175
3,2025-06-17,2991.7,219
3,2025-06-16,2952.94,139
3,2025-06-15,3162.85,149
3,2025-06-14,3024.03,227
3,2025-06-13,3433.43,155
3,2025-06-12,3351.04,177
3,2025-06-11,3393.05,155
3,2025-06-10,3064.0,182
3,2025-06-09,2800.29,164
3,2025-06-08,2950.7,179
3,2025-06-07,3150.48,168
3,2025-06-06,3367.96,183
3,2025-06-05,3432.18,116
3,2025-06-04,3525.19,137
3,2025-06-03,3031.16,188
3,2025-06-02,2953.53,179
3,2025-06-01,2867.04,131
3,2025-05-31,3303.88,178
3,2025-05-30,3575.02,267
3,2025-05-29,3622.82,190
3,2025-05-28,3340.23,167
3,2025-05-27,3056.4,164
3,2025-05-26,3095.38,130
3,2025-05-25,2896.38,159
3,2025-05-24,3178.03,204
3,2025-05-23,3411.84,176
3,2025-05-22,3671.39,166
3,2025-05-21,3268.27,142
3,2025-05-20,3326.55,121
3,2025-05-19,2777.45,197
3,2025-05-18,2880.05,183
3,2025-05-17,3075.95,164
3,2025-05-16,3556.44,234
3,2025-05-15,3567.45,163
3,2025-05-14,3099.23,227
3,2025-05-13,2962.18,171
3,2025-05-12,2917.72,118
3,2025-05-11,2882.49,193
3,2025-05-10,2852.42,192
3,2025-05-09,3422.15,182
3,2025-05-08,3551.28,196
3,2025-05-07,3393.38,188
3,2025-05-06,3033.52,212
3,2025-05-05,2796.08,175
3,2025-05-04,2967.42,164
3,2025-05-03,3225.1,173
3,2025-05-02,3501.32,181
3,2025-05-01,3365.02,172
3,2025-04-30,3379.97,171
3,2025-04-29,3269.12,186
3,2025-04-28,3036.54,186
3,2025-04-27,3011.9,132
3,2025-04-26,3299.65,217
3,2025-04-25,3669.87,170
3,2025-04-24,3445.8,214
3,2025-04-23,3334.61,168
3,2025-04-22,3043.27,196
3,2025-04-21,3074.72,147
3,2025-04-20,3019.81,160
3,2025-04-19,3220.87,188
4,2025-08-16,2525.19,194
4,2025-08-15,2717.2,199
4,2025-08-14,2919.93,164
4,2025-08-13,2454.2,138
4,2025-08-12,2598.41,187
4,2025-08-11,2399.11,215
4,2025-08-10,2312.2,190
4,2025-08-09,2427.43,185
4,2025-08-08,2843.04,232
4,2025-08-07,2642.76,209
4,2025-08-06,2511.77,187
4,2025-08-05,2565.12,179
4,2025-08-04,2139.34,149
4,2025-08-03,2317.37,145
4,2025-08-02,2389.64,221
4,2025-08-01,2599.79,200
4,2025-07-31,2791.46,222
4,2025-07-30,2591.75,148
4,2025-07-29,2311.38,143
4,2025-07-28,2135.18,216
4,2025-07-27,2002.58,172
4,2025-07-26,2518.19,153
4,2025-07-25,2760.52,185
4,2025-07-24,2499.58,207
4,2025-07-23,2578.76,237
4,2025-07-22,2447.68,158
4,2025-07-21,2356.37,161
4,2025-07-20,2386.2,185
4,2025-07-19,2668.41,180
4,2025-07-18,2567.41,161
4,2025-07-17,2866.68,161
4,2025-07-16,2634.33,139
4,2025-07-15,2429.96,93
4,2025-07-14,2366.18,184
4,2025-07-13,2105.54,170
4,2025-07-12,2255.52,134
4,2025-07-11,2779.18,162
4,2025-07-10,2697.96,170
4,2025-07-09,2496.5,226
4,2025-07-08,2242.85,207
4,2025-07-07,2302.04,184
4,2025-07-06,2295.97,167
4,2025-07-05,2545.91,162
4,2025-07-04,2809.04,161
4,2025-07-03,2600.24,201
4,2025-07-02,2345.23,159
4,2025-07-01,2295.87,156
4,2025-06-30,2177.7,173
4,2025-06-29,2104.48,164
4,2025-06-28,2648.12,215
4,2025-06-27,2829.03,139
4,2025-06-26,2493.16,191
4,2025-06-25,2721.75,175
4,2025-06-24,2508.28,179
4,2025-06-23,2306.45,168
4,2025-06-22,2435.1,166
4,2025-06-21,2304.28,164
4,2025-06-20,2656.61,207
4,2025-06-19,2646.06,173
4,2025-06-18,2383.64,191
4,2025-06-17,2500.09,137
4,2025-06-16,2172.89,234
4,2025-06-15,2299.24,166
4,2025-06-14,2544.04,164
4,2025-06-13,2501.0,235
4,2025-06-12,2633.69,245
4,2025-06-11,2625.71,154
4,2025-06-10,2443.77,203
4,2025-06-09,2242.15,180
4,2025-06-08,2374.54,172
4,2025-06-07,2382.03,199
4,2025-06-06,2825.87,175
4,2025-06-05,2897.99,169
4,2025-06-04,2714.48,196
4,2025-06-03,2485.88,187
4,2025-06-02,2229.35,158
4,2025-06-01,2314.11,206
4,2025-05-31,2450.9,223
4,2025-05-30,2740.08,179
4,2025-05-29,2779.93,130
4,2025-05-28,2380.57,105
4,2025-05-27,2344.5,209
4,2025-05-26,2439.62,205
4,2025-05-25,2198.37,225
4,2025-05-24,2427.66,171
4,2025-05-23,2621.8,189
4,2025-05-22,2707.24,185
4,2025-05-21,2485.14,179
4,2025-05-20,2632.6,164
4,2025-05-19,2225.41,218
4,2025-05-18,2318.8,196
4,2025-05-17,2364.96,204
4,2025-05-16,2600.99,157
4,2025-05-15,2673.64,185
4,2025-05-14,2632.83,189
4,2025-05-13,2311.34,208
4,2025-05-12,2228.52,201
4,2025-05-11,2348.29,182
4,2025-05-10,2503.85,247
4,2025-05-09,2630.5,206
4,2025-05-08,2568.09,162
4,2025-05-07,2684.14,210
4,2025-05-06,2378.31,210
4,2025-05-05,2105.85,178
4,2025-05-04,2373.4,198
4,2025-05-03,2615.86,160
4,2025-05-02,2756.66,207
4,2025-05-01,2468.44,138
4,2025-04-30,2795.05,114
4,2025-04-29,2181.53,210
4,2025-04-28,2374.62,228
4,2025-04-27,2117.59,171
4,2025-04-26,2650.71,198
4,2025-04-25,2497.32,210
4,2025-04-24,2856.17,223
4,2025-04-23,2542.74,191
4,2025-04-22,2426.31,216
4,2025-04-21,2163.27,169
4,2025-04-20,2160.85,214
4,2025-04-19,2463.86,162
5,2025-08-16,2119.88,146
5,2025-08-15,2387.82,160
5,2025-08-14,2374.0,163
5,2025-08-13,2449.75,195
5,2025-08-12,2274.38,217
5,2025-08-11,2169.67,169
5,2025-08-10,2018.63,151
5,2025-08-09,2294.92,184
5,2025-08-08,2493.91,171
5,2025-08-07,2563.63,179
5,2025-08-06,2538.72,192
5,2025-08-05,2370.68,173
5,2025-08-04,2040.26,165
5,2025-08-03,2116.88,197
5,2025-08-02,2243.18,179
5,2025-08-01,2507.89,184
5,2025-07-31,2467.26,211
5,2025-07-30,2613.3,209
5,2025-07-29,2356.06,188
5,2025-07-28,2128.99,157
5,2025-07-27,2118.49,172
5,2025-07-26,2367.89,187
5,2025-07-25,2479.96,152
5,2025-07-24,2569.09,173
5,2025-07-23,2567.07,124
5,2025-07-22,2373.47,150
5,2025-07-21,2063.1,172
5,2025-07-20,2228.17,169
5,2025-07-19,2373.29,228
5,2025-07-18,2328.68,225
5,2025-07-17,2506.59,134
5,2025-07-16,2295.15,146
5,2025-07-15,2133.15,172
5,2025-07-14,2070.43,197
5,2025-07-13,2270.1,171
5,2025-07-12,2238.57,147
5,2025-07-11,2497.99,174
5,2025-07-10,2391.97,188
5,2025-07-09,2369.02,135
5,2025-07-08,2190.89,203
5,2025-07-07,2074.37,192
5,2025-07-06,2011.91,173
5,2025-07-05,2372.56,185
5,2025-07-04,2641.14,196
5,2025-07-03,2626.42,198
5,2025-07-02,2242.86,208
5,2025-07-01,2162.59,138
5,2025-06-30,2167.04,130
5,2025-06-29,2171.08,154
5,2025-06-28,2603.65,192
5,2025-06-27,2320.27,175
5,2025-06-26,2572.63,187
5,2025-06-25,2456.55,256
5,2025-06-24,2305.86,199
5,2025-06-23,2039.77,141
5,2025-06-22,2015.6,154
5,2025-06-21,2118.33,193
5,2025-06-20,2327.61,122
5,2025-06-19,2588.89,224
5,2025-06-18,2171.19,182
5,2025-06-17,2487.92,165
5,2025-06-16,1968.93,160
5,2025-06-15,2381.19,124
5,2025-06-14,2352.9,166
5,2025-06-13,2556.43,107
5,2025-06-12,2650.55,141
5,2025-06-11,2585.93,211
5,2025-06-10,2203.87,220
5,2025-06-09,1966.98,174
5,2025-06-08,1912.3,98
5,2025-06-07,2451.79,181
5,2025-06-06,2506.24,200
5,2025-06-05,2663.09,219
5,2025-06-04,2711.36,146
5,2025-06-03,1956.86,207
5,2025-06-02,2248.57,189
5,2025-06-01,2080.46,226
5,2025-05-31,2307.75,193
5,2025-05-30,2764.25,121
5,2025-05-29,2299.94,211
5,2025-05-28,2374.76,121
5,2025-05-27,2360.26,202
5,2025-05-26,2198.6,199
5,2025-05-25,2300.04,140
5,2025-05-24,2265.3,178
5,2025-05-23,2641.87,171
5,2025-05-22,2498.03,215
5,2025-05-21,2552.64,217
5,2025-05-20,2134.58,141
5,2025-05-19,2089.09,140
5,2025-05-18,2207.61,172
5,2025-05-17,2286.43,129
5,2025-05-16,2613.35,225
5,2025-05-15,2612.32,207
5,2025-05-14,2395.96,215
5,2025-05-13,2177.17,204
5,2025-05-12,2064.71,165
5,2025-05-11,2150.95,193
5,2025-05-10,2233.02,161
5,2025-05-09,2608.36,177
5,2025-05-08,2684.35,156
5,2025-05-07,2194.14,193
5,2025-05-06,2202.77,199
5,2025-05-05,2022.29,220
5,2025-05-04,2288.33,205
5,2025-05-03,2134.09,174
5,2025-05-02,2214.24,174
5,2025-05-01,2629.26,243
5,2025-04-30,2477.94,173
5,2025-04-29,2319.46,113
5,2025-04-28,2037.4,208
5,2025-04-27,2093.72,185
5,2025-04-26,2418.15,189
5,2025-04-25,2534.79,153
5,2025-04-24,2563.93,218
5,2025-04-23,2355.78,209
5,2025-04-22,2330.84,190
5,2025-04-21,1995.5,141
5,2025-04-20,2145.48,178
5,2025-04-19,2230.86,218
6,2025-08-16,2060.86,200
6,2025-08-15,2075.26,214
6,2025-08-14,1944.01,178
6,2025-08-13,1753.77,145
6,2025-08-12,1927.34,190
6,2025-08-11,1836.7,137
6,2025-08-10,1452.14,164
6,2025-08-09,1835.57,173
6,2025-08-08,1818.51,216
6,2025-08-07,1845.91,194
6,2025-08-06,1547.47,166
6,2025-08-05,1603.99,149
6,2025-08-04,1690.63,143
6,2025-08-03,1473.12,169
6,2025-08-02,1638.06,181
6,2025-08-01,1845.87,170
6,2025-07-31,2026.01,123
6,2025-07-30,1860.34,238
6,2025-07-29,1630.5,166
6,2025-07-28,1666.9,160
6,2025-07-27,1552.11,163
6,2025-07-26,1706.01,189
6,2025-07-25,1779.96,220
6,2025-07-24,1876.09,209
6,2025-07-23,1604.16,213
6,2025-07-22,1491.23,156
6,2025-07-21,1643.62,153
6,2025-07-20,1598.46,191
6,2025-07-19,1751.31,129
6,2025-07-18,1789.3,134
6,2025-07-17,1894.32,266
6,2025-07-16,1996.96,215
6,2025-07-15,1799.86,211
6,2025-07-14,1724.53,181
6,2025-07-13,1522.93,209
6,2025-07-12,1678.7,203
6,2025-07-11,1842.34,161
6,2025-07-10,1970.87,164
6,2025-07-09,1931.92,174
6,2025-07-08,1735.79,201
6,2025-07-07,1463.02,166
6,2025-07-06,1455.31,180
6,2025-07-05,1787.81,159
6,2025-07-04,2024.36,190
6,2025-07-03,1772.8,146
6,2025-07-02,1926.68,177
6,2025-07-01,1656.48,127
6,2025-06-30,1648.56,178
6,2025-06-29,1798.96,178
6,2025-06-28,1672.34,176
6,2025-06-27,1688.64,195
6,2025-06-26,2029.08,199
6,2025-06-25,1984.23,197
6,2025-06-24,1733.57,206
6,2025-06-23,1533.68,179
6,2025-06-22,1769.21,149
6,2025-06-21,1984.68,156
6,2025-06-20,1760.35,173
6,2025-06-19,2023.65,123
6,2025-06-18,1807.94,156
6,2025-06-17,1407.06,206
6,2025-06-16,1779.5,164
6,2025-06-15,1581.96,241
6,2025-06-14,1695.37,157
6,2025-06-13,1774.74,212
6,2025-06-12,1802.08,234
6,2025-06-11,2012.43,155
6,2025-06-10,1409.5,212
6,2025-06-09,1475.91,196
6,2025-06-08,1540.3,176
6,2025-06-07,1626.9,190
6,2025-06-06,1882.31,142
6,2025-06-05,1870.81,184
6,2025-06-04,2088.45,174
6,2025-06-03,1707.2,205
6,2025-06-02,1361.15,261
6,2025-06-01,1736.91,152
6,2025-05-31,1735.04,146
6,2025-05-30,1887.38,198
6,2025-05-29,1837.88,186
6,2025-05-28,1704.21,208
6,2025-05-27,1714.24,243
6,2025-05-26,1440.08,112
6,2025-05-25,1660.38,187
6,2025-05-24,1707.58,197
6,2025-05-23,1784.34,165
6,2025-05-22,1844.48,195
6,2025-05-21,1733.79,185
6,2025-05-20,1485.62,144
6,2025-05-19,1460.94,223
6,2025-05-18,1685.8,214
6,2025-05-17,1557.59,183
6,2025-05-16,1885.23,148
6,2025-05-15,1822.57,225
6,2025-05-14,1794.27,220
6,2025-05-13,1783.81,172
6,2025-05-12,1504.18,145
6,2025-05-11,1371.67,159
6,2025-05-10,1690.89,231
6,2025-05-09,2017.58,183
6,2025-05-08,1679.04,183
6,2025-05-07,1643.11,233
6,2025-05-06,1689.4,192
6,2025-05-05,1676.53,201
6,2025-05-04,1737.73,191
6,2025-05-03,1634.69,186
6,2025-05-02,1800.16,186
6,2025-05-01,2020.46,205
6,2025-04-30,1812.14,189
6,2025-04-29,1608.84,207
6,2025-04-28,1490.9,134
6,2025-04-27,1684.09,185
6,2025-04-26,1671.9,150
6,2025-04-25,1803.78,200
6,2025-04-24,1987.71,185
6,2025-04-23,2033.74,133
6,2025-04-22,1466.11,182
6,2025-04-21,1576.06,143
6,2025-04-20,1511.33,160
6,2025-04-19,1962.01,190
7,2025-08-16,1907.58,182
7,2025-08-15,1837.77,180
7,2025-08-14,1840.42,230
7,2025-08-13,1961.59,168
7,2025-08-12,1875.38,150
7,2025-08-11,1773.44,187
7,2025-08-10,1695.54,159
7,2025-08-09,1772.57,180
7,2025-08-08,2105.01,185
7,2025-08-07,2114.07,121
7,2025-08-06,2169.39,162
7,2025-08-05,1903.21,122
7,2025-08-04,1557.26,151
7,2025-08-03,1505.75,159
7,2025-08-02,1682.15,211
7,2025-08-01,1933.75,173
7,2025-07-31,1909.62,151
7,2025-07-30,1990.95,192
7,2025-07-29,1509.27,193
7,2025-07-28,1727.92,197
7,2025-07-27,1482.99,189
7,2025-07-26,1947.81,191
7,2025-07-25,2016.81,226
7,2025-07-24,1954.57,182
7,2025-07-23,1737.19,175
7,2025-07-22,1854.03,120
7,2025-07-21,1586.51,189
7,2025-07-20,1854.2,165
7,2025-07-19,1880.31,178
7,2025-07-18,1862.54,184
7,2025-07-17,2134.28,191
7,2025-07-16,1974.43,172
7,2025-07-15,1822.18,157
7,2025-07-14,1763.28,170
7,2025-07-13,1671.64,256
7,2025-07-12,1694.56,189
7,2025-07-11,2219.07,142
7,2025-07-10,2292.95,170
7,2025-07-09,2176.62,157
7,2025-07-08,1776.19,154
7,2025-07-07,1819.01,153
7,2025-07-06,1386.46,182
7,2025-07-05,1887.11,124
7,2025-07-04,1855.71,121
7,2025-07-03,1985.26,137
7,2025-07-02,1880.16,209
7,2025-07-01,1710.98,212
7,2025-06-30,1541.41,154
7,2025-06-29,1890.59,87
7,2025-06-28,1792.85,175
7,2025-06-27,1893.23,222
7,2025-06-26,1986.98,218
7,2025-06-25,1789.54,115
7,2025-06-24,1779.0,168
7,2025-06-23,1561.74,156
7,2025-06-22,1520.04,174
7,2025-06-21,1924.28,163
7,2025-06-20,2015.03,200
7,2025-06-19,2040.18,189
7,2025-06-18,1880.88,194
7,2025-06-17,1704.08,181
7,2025-06-16,1859.72,205
7,2025-06-15,1619.18,182
7,2025-06-14,1918.83,190
7,2025-06-13,1938.2,184
7,2025-06-12,2176.63,150
7,2025-06-11,1935.56,150
7,2025-06-10,1761.65,172
7,2025-06-09,1445.21,147
7,2025-06-08,1747.71,231
7,2025-06-07,1824.89,134
7,2025-06-06,2115.61,170
7,2025-06-05,1958.89,213
7,2025-06-04,2072.53,158
7,2025-06-03,1945.27,223
7,2025-06-02,1588.02,233
7,2025-06-01,1551.01,187
7,2025-05-31,1805.63,195
7,2025-05-30,1917.67,199
7,2025-05-29,2000.17,133
7,2025-05-28,1731.31,246
7,2025-05-27,1757.41,162
7,2025-05-26,1708.06,237
7,2025-05-25,1786.49,160
7,2025-05-24,1713.08,193
7,2025-05-23,2193.11,173
7,2025-05-22,2144.07,158
7,2025-05-21,2184.23,178
7,2025-05-20,1821.06,161
7,2025-05-19,1577.83,192
7,2025-05-18,1667.62,164
7,2025-05-17,1753.58,224
7,2025-05-16,2040.61,207
7,2025-05-15,2139.72,168
7,2025-05-14,1973.35,200
7,2025-05-13,1901.67,158
7,2025-05-12,1666.38,133
7,2025-05-11,1855.59,165
7,2025-05-10,1868.82,183
7,2025-05-09,1735.53,222
7,2025-05-08,2061.3,160
7,2025-05-07,1867.36,211
7,2025-05-06,1703.23,193
7,2025-05-05,1463.71,132
7,2025-05-04,1695.25,170
7,2025-05-03,1844.96,183
7,2025-05-02,1934.94,181
7,2025-05-01,2060.87,166
7,2025-04-30,1802.63,204
7,2025-04-29,1670.46,163
7,2025-04-28,1506.96,144
7,2025-04-27,1503.24,240
7,2025-04-26,1717.4,180
7,2025-04-25,2076.64,198
7,2025-04-24,1878.19,202
7,2025-04-23,1833.11,191
7,2025-04-22,1805.38,151
7,2025-04-21,1673.51,190
7,2025-04-20,1894.02,196
7,2025-04-19,1864.77,142
8,2025-08-16,1725.89,205
8,2025-08-15,1829.38,183
8,2025-08-14,1985.11,242
8,2025-08-13,1673.32,158
8,2025-08-12,1747.53,167
8,2025-08-11,1482.63,226
8,2025-08-10,1501.55,173
8,2025-08-09,1807.89,142
8,2025-08-08,1866.91,222
8,2025-08-07,1959.93,166
8,2025-08-06,1690.46,187
8,2025-08-05,1568.56,151
8,2025-08-04,1541.34,229
8,2025-08-03,1533.2,211
8,2025-08-02,1980.39,165
8,2025-08-01,2076.54,131
8,2025-07-31,2088.14,168
8,2025-07-30,1941.67,202
8,2025-07-29,1794.01,180
8,2025-07-28,1731.51,192
8,2025-07-27,1623.04,148
8,2025-07-26,2062.52,168
8,2025-07-25,1956.36,179
8,2025-07-24,1798.84,166
8,2025-07-23,1825.36,151
8,2025-07-22,1554.31,222
8,2025-07-21,1418.72,151
8,2025-07-20,1660.02,218
8,2025-07-19,1628.85,164
8,2025-07-18,1890.8,152
8,2025-07-17,1883.85,185
8,2025-07-16,1908.41,161
8,2025-07-15,1674.7,205
8,2025-07-14,1361.33,157
8,2025-07-13,1423.79,212
8,2025-07-12,1657.7,126
8,2025-07-11,1996.27,197
8,2025-07-10,1983.33,197
8,2025-07-09,1651.96,168
8,2025-07-08,1506.39,109
8,2025-07-07,1368.72,241
8,2025-07-06,1639.59,120
8,2025-07-05,1784.72,232
8,2025-07-04,1966.34,167
8,2025-07-03,1988.11,234
8,2025-07-02,1772.44,114
8,2025-07-01,1867.42,193
8,2025-06-30,1683.31,122
8,2025-06-29,1503.36,153
8,2025-06-28,1648.73,149
8,2025-06-27,1847.65,205
8,2025-06-26,1669.06,184
8,2025-06-25,2030.68,178
8,2025-06-24,1623.9,160
8,2025-06-23,1625.49,184
8,2025-06-22,1535.51,188
8,2025-06-21,1767.58,193
8,2025-06-20,1796.23,142
8,2025-06-19,1952.63,156
8,2025-06-18,1829.09,159
8,2025-06-17,1651.4,183
8,2025-06-16,1688.22,137
8,2025-06-15,1529.14,203
8,2025-06-14,1961.84,202
8,2025-06-13,1820.07,177
8,2025-06-12,1846.16,206
8,2025-06-11,1882.44,165
8,2025-06-10,1688.21,168
8,2025-06-09,1560.78,177
8,2025-06-08,1842.07,150
8,2025-06-07,1810.63,134
8,2025-06-06,1967.22,159
8,2025-06-05,1895.94,138
8,2025-06-04,1805.75,168
8,2025-06-03,1578.49,193
8,2025-06-02,1424.45,181
8,2025-06-01,1514.88,139
8,2025-05-31,1539.89,171
8,2025-05-30,2036.37,184
8,2025-05-29,1757.38,161
8,2025-05-28,1942.65,191
8,2025-05-27,1540.47,139
8,2025-05-26,1661.25,178
8,2025-05-25,1475.45,232
8,2025-05-24,1925.82,171
8,2025-05-23,1889.5,174
8,2025-05-22,1808.17,133
8,2025-05-21,1798.54,245
8,2025-05-20,1553.87,145
8,2025-05-19,1596.17,155
8,2025-05-18,1582.83,207
8,2025-05-17,1662.86,215
8,2025-05-16,1912.16,212
8,2025-05-15,2011.62,176
8,2025-05-14,1822.14,192
8,2025-05-13,1902.25,145
8,2025-05-12,1563.95,177
8,2025-05-11,1620.46,224
8,2025-05-10,1951.53,229
8,2025-05-09,1750.51,201
8,2025-05-08,1882.56,190
8,2025-05-07,1807.0,215
8,2025-05-06,1669.64,195
8,2025-05-05,1765.67,176
8,2025-05-04,1470.27,165
8,2025-05-03,1725.15,218
8,2025-05-02,1857.87,196
8,2025-05-01,1804.28,143
8,2025-04-30,2020.64,245
8,2025-04-29,1719.95,207
8,2025-04-28,1606.74,201
8,2025-04-27,1293.99,179
8,2025-04-26,1747.28,157
8,2025-04-25,1732.93,221
8,2025-04-24,1895.95,139
8,2025-04-23,1816.81,182
8,2025-04-22,1692.06,180
8,2025-04-21,1609.24,160
8,2025-04-20,1558.49,170
8,2025-04-19,1599.67,170
9,2025-08-16,2237.07,100
9,2025-08-15,2481.54,185
9,2025-08-14,2219.47,161
9,2025-08-13,2197.95,220
9,2025-08-12,1969.33,147
9,2025-08-11,2098.04,207
9,2025-08-10,1862.15,191
9,2025-08-09,2020.64,214
9,2025-08-08,2321.08,208
9,2025-08-07,2520.03,124
9,2025-08-06,2223.88,184
9,2025-08-05,2193.45,187
9,2025-08-04,2262.69,246
9,2025-08-03,1866.28,175
9,2025-08-02,2122.26,171
9,2025-08-01,2102.66,167
9,2025-07-31,2499.21,174
9,2025-07-30,2269.06,217
9,2025-07-29,2147.66,165
9,2025-07-28,2015.89,224
9,2025-07-27,2031.89,168
9,2025-07-26,2004.37,167
9,2025-07-25,2327.03,133
9,2025-07-24,2239.93,197
9,2025-07-23,2060.28,180
9,2025-07-22,2128.69,236
9,2025-07-21,2136.45,212
9,2025-07-20,1939.26,185
9,2025-07-19,2086.21,153
9,2025-07-18,2415.1,195
9,2025-07-17,2396.46,221
9,2025-07-16,2419.12,178
9,2025-07-15,2038.71,175
9,2025-07-14,1996.57,216
9,2025-07-13,1911.82,148
9,2025-07-12,2224.43,193
9,2025-07-11,2260.38,174
9,2025-07-10,2381.95,129
9,2025-07-09,2388.25,182
9,2025-07-08,1936.13,231
9,2025-07-07,1825.21,129
9,2025-07-06,1838.79,161
9,2025-07-05,2286.71,125
9,2025-07-04,2248.85,204
9,2025-07-03,2378.64,183
9,2025-07-02,2284.14,191
9,2025-07-01,2031.75,181
9,2025-06-30,1713.12,170
9,2025-06-29,1995.07,172
9,2025-06-28,2012.68,208
9,2025-06-27,2109.74,200
9,2025-06-26,2443.22,185
9,2025-06-25,2116.2,206
9,2025-06-24,1833.4,225
9,2025-06-23,1807.32,125
9,2025-06-22,2074.63,195
9,2025-06-21,2177.0,196
9,2025-06-20,2125.84,186
9,2025-06-19,2540.45,188
9,2025-06-18,2269.73,169
9,2025-06-17,2000.7,129
9,2025-06-16,1952.77,181
9,2025-06-15,2029.13,136
9,2025-06-14,2344.03,191
9,2025-06-13,2271.28,221
9,2025-06-12,2280.59,213
9,2025-06-11,2307.07,101
9,2025-06-10,2071.96,141
9,2025-06-09,1984.91,143
9,2025-06-08,1857.46,174
9,2025-06-07,2114.68,187
9,2025-06-06,2391.95,199
9,2025-06-05,2497.8,205
9,2025-06-04,2361.7,180
9,2025-06-03,2151.18,185
9,2025-06-02,1693.94,159
9,2025-06-01,1851.16,169
9,2025-05-31,2117.64,163
9,2025-05-30,2393.43,203
9,2025-05-29,2521.13,157
9,2025-05-28,2157.16,148
9,2025-05-27,1983.32,206
9,2025-05-26,2132.44,182
9,2025-05-25,2038.08,224
9,2025-05-24,2041.46,180
9,2025-05-23,2252.29,208
9,2025-05-22,2357.9,123
9,2025-05-21,2202.08,178
9,2025-05-20,1959.59,191
9,2025-05-19,1886.25,170
9,2025-05-18,1942.01,171
9,2025-05-17,2117.06,206
9,2025-05-16,2057.65,170
9,2025-05-15,2510.41,221
9,2025-05-14,2395.59,159
9,2025-05-13,2109.46,203
9,2025-05-12,1966.56,166
9,2025-05-11,2152.45,211
9,2025-05-10,2107.91,163
9,2025-05-09,2301.97,137
9,2025-05-08,2251.7,188
9,2025-05-07,2137.69,167
9,2025-05-06,2050.12,75
9,2025-05-05,2032.83,186
9,2025-05-04,1972.07,172
9,2025-05-03,2098.25,172
9,2025-05-02,2389.93,176
9,2025-05-01,2475.18,212
9,2025-04-30,2344.38,160
9,2025-04-29,2003.54,138
9,2025-04-28,1903.2,223
9,2025-04-27,2091.48,205
9,2025-04-26,2257.85,153
9,2025-04-25,2388.84,177
9,2025-04-24,2381.87,174
9,2025-04-23,2149.54,185
9,2025-04-22,1999.2,228
9,2025-04-21,1907.73,131
9,2025-04-20,1890.82,228
9,2025-04-19,2090.13,168
10,2025-08-16,2462.61,165
10,2025-08-15,2516.63,230
10,2025-08-14,2637.9,156
10,2025-08-13,2422.08,199
10,2025-08-12,2383.66,196
10,2025-08-11,2061.46,196
10,2025-08-10,2153.06,193
10,2025-08-09,2171.2,180
10,2025-08-08,2691.93,224
10,2025-08-07,2593.13,219
10,2025-08-06,2469.94,196
10,2025-08-05,2194.52,149
10,2025-08-04,2080.86,243
10,2025-08-03,2176.45,139
10,2025-08-02,2402.56,196
10,2025-08-01,2639.25,219
10,2025-07-31,2659.89,193
10,2025-07-30,2405.84,90
10,2025-07-29,2324.49,183
10,2025-07-28,2100.16,127
10,2025-07-27,2304.65,190
10,2025-07-26,2175.57,189
10,2025-07-25,2431.9,219
10,2025-07-24,2280.44,154
10,2025-07-23,2412.05,214
10,2025-07-22,2445.04,193
10,2025-07-21,2163.18,130
10,2025-07-20,2203.84,183
10,2025-07-19,2407.38,162
10,2025-07-18,2556.02,173
10,2025-07-17,2742.7,159
10,2025-07-16,2339.18,190
10,2025-07-15,2101.05,137
10,2025-07-14,2293.83,231
10,2025-07-13,2269.75,184
10,2025-07-12,2316.32,198
10,2025-07-11,2726.51,132
10,2025-07-10,2549.96,237
10,2025-07-09,2421.04,186
10,2025-07-08,2258.33,103
10,2025-07-07,2036.72,138
10,2025-07-06,1966.37,197
10,2025-07-05,2261.09,157
10,2025-07-04,2624.78,214
10,2025-07-03,2680.71,160
10,2025-07-02,2208.68,151
10,2025-07-01,2166.58,174
10,2025-06-30,2171.7,189
10,2025-06-29,2188.63,211
10,2025-06-28,2358.01,170
10,2025-06-27,2528.22,186
10,2025-06-26,2333.48,203
10,2025-06-25,2384.1,206
10,2025-06-24,1942.76,193
10,2025-06-23,2220.98,163
10,2025-06-22,1927.67,226
10,2025-06-21,2317.58,179
10,2025-06-20,2553.13,209
10,2025-06-19,2730.29,179
10,2025-06-18,2300.1,150
10,2025-06-17,2276.73,199
10,2025-06-16,2078.56,169
10,2025-06-15,2190.34,161
10,2025-06-14,2304.21,177
10,2025-06-13,2533.38,192
10,2025-06-12,2357.12,175
10,2025-06-11,2510.03,157
10,2025-06-10,2044.38,188
10,2025-06-09,2015.05,198
10,2025-06-08,2284.18,207
10,2025-06-07,2399.63,194
10,2025-06-06,2478.1,175
10,2025-06-05,2443.27,160
10,2025-06-04,2127.95,224
10,2025-06-03,2357.61,161
10,2025-06-02,2235.41,208
10,2025-06-01,2029.85,182
10,2025-05-31,2204.1,133
10,2025-05-30,2538.79,174
10,2025-05-29,2502.82,220
10,2025-05-28,2371.49,163
10,2025-05-27,2415.4,179
10,2025-05-26,2095.91,167
10,2025-05-25,2208.85,190
10,2025-05-24,2199.29,207
10,2025-05-23,2308.09,184
10,2025-05-22,2507.69,212
10,2025-05-21,2536.19,155
10,2025-05-20,2252.35,153
10,2025-05-19,2137.19,125
10,2025-05-18,2187.86,169
10,2025-05-17,2492.56,141
10,2025-05-16,2489.59,198
10,2025-05-15,2642.92,152
10,2025-05-14,2615.48,189
10,2025-05-13,2304.46,164
10,2025-05-12,2066.74,177
10,2025-05-11,2125.95,183
10,2025-05-10,2102.24,145
10,2025-05-09,2679.52,163
10,2025-05-08,2601.65,211
10,2025-05-07,2485.5,207
10,2025-05-06,2250.13,159
10,2025-05-05,1974.87,150
10,2025-05-04,2243.81,187
10,2025-05-03,2323.31,142
10,2025-05-02,2318.41,119
10,2025-05-01,2503.2,161
10,2025-04-30,2457.65,198
10,2025-04-29,2201.98,157
10,2025-04-28,2174.67,173
10,2025-04-27,2204.3,104
10,2025-04-26,2447.23,216
10,2025-04-25,2671.76,181
10,2025-04-24,2402.29,183
10,2025-04-23,2356.54,172
10,2025-04-22,2365.55,181
10,2025-04-21,2314.59,214
10,2025-04-20,2055.76,192
10,2025-04-19,2247.9,171
11,2025-08-16,1738.98,168
11,2025-08-15,1871.71,137
11,2025-08-14,1994.27,172
11,2025-08-13,2079.18,191
11,2025-08-12,2019.47,174
11,2025-08-11,1722.03,188
11,2025-08-10,1698.34,128
11,2025-08-09,1605.73,149
11,2025-08-08,2095.1,198
11,2025-08-07,2323.79,145
11,2025-08-06,2065.42,204
11,2025-08-05,1595.03,209
11,2025-08-04,1566.34,186
11,2025-08-03,1724.79,174
11,2025-08-02,1665.52,149
11,2025-08-01,2108.49,212
11,2025-07-31,2171.09,170
11,2025-07-30,2054.81,173
11,2025-07-29,1805.55,159
11,2025-07-28,1767.32,173
11,2025-07-27,1826.82,170
11,2025-07-26,1729.1,147
11,2025-07-25,2329.46,181
11,2025-07-24,2115.16,196
11,2025-07-23,1984.63,184
11,2025-07-22,1754.93,165
11,2025-07-21,1661.8,179
11,2025-07-20,1875.21,232
11,2025-07-19,1963.6,178
11,2025-07-18,1969.81,183
11,2025-07-17,2174.5,193
11,2025-07-16,1895.22,122
11,2025-07-15,1859.09,149
11,2025-07-14,1790.69,172
11,2025-07-13,1746.75,129
11,2025-07-12,1899.48,120
11,2025-07-11,2085.18,190
11,2025-07-10,1720.11,179
11,2025-07-09,2067.41,144
11,2025-07-08,1823.13,204
11,2025-07-07,1710.42,193
11,2025-07-06,1652.17,217
11,2025-07-05,1651.8,151
11,2025-07-04,2200.48,188
11,2025-07-03,2403.8,174
11,2025-07-02,2005.55,223
11,2025-07-01,1692.08,182
11,2025-06-30,1747.48,202
11,2025-06-29,1657.84,143
11,2025-06-28,1923.95,175
11,2025-06-27,1946.63,185
11,2025-06-26,2242.91,163
11,2025-06-25,1898.07,189
11,2025-06-24,1749.08,157
11,2025-06-23,1683.67,221
11,2025-06-22,1709.81,202
11,2025-06-21,1744.58,233
11,2025-06-20,2077.47,186
11,2025-06-19,2115.83,116
11,2025-06-18,1950.82,199
11,2025-06-17,1818.31,195
11,2025-06-16,1722.85,178
11,2025-06-15,1821.51,175
11,2025-06-14,2176.37,179
11,2025-06-13,1869.95,204
11,2025-06-12,1961.41,190
11,2025-06-11,1952.82,188
11,2025-06-10,1768.8,203
11,2025-06-09,1737.05,170
11,2025-06-08,1815.03,217
11,2025-06-07,1924.41,145
11,2025-06-06,2107.85,186
11,2025-06-05,2177.31,214
11,2025-06-04,2125.18,193
11,2025-06-03,1798.53,189
11,2025-06-02,1868.9,208
11,2025-06-01,1917.51,175
11,2025-05-31,1781.84,191
11,2025-05-30,2072.56,136
11,2025-05-29,2331.14,164
11,2025-05-28,1867.83,169
11,2025-05-27,1786.62,115
11,2025-05-26,1541.66,140
11,2025-05-25,1844.73,209
11,2025-05-24,1787.95,202
11,2025-05-23,1988.47,205
11,2025-05-22,1822.82,187
11,2025-05-21,1880.41,183
11,2025-05-20,1824.81,168
11,2025-05-19,1806.72,178
11,2025-05-18,1739.35,134
11,2025-05-17,1688.73,149
11,2025-05-16,2314.83,174
11,2025-05-15,2033.61,216
11,2025-05-14,2045.37,164
11,2025-05-13,1757.63,201
11,2025-05-12,1652.85,179
11,2025-05-11,1629.51,241
11,2025-05-10,2020.78,221
11,2025-05-09,2159.66,178
11,2025-05-08,2133.31,185
11,2025-05-07,1953.46,170
11,2025-05-06,1857.69,229
11,2025-05-05,1684.0,169
11,2025-05-04,1870.53,125
11,2025-05-03,1879.98,251
11,2025-05-02,2070.69,142
11,2025-05-01,2107.27,146
11,2025-04-30,1822.62,161
11,2025-04-29,1798.24,192
11,2025-04-28,1565.41,183
11,2025-04-27,1744.31,161
11,2025-04-26,1953.11,171
11,2025-04-25,1812.45,219
11,2025-04-24,2312.29,183
11,2025-04-23,1957.38,203
11,2025-04-22,1923.12,206
11,2025-04-21,1642.27,155
11,2025-04-20,1721.83,185
11,2025-04-19,1824.43,198
12,2025-08-16,2857.01,192
12,2025-08-15,3179.7,112
12,2025-08-14,3265.38,158
12,2025-08-13,3082.89,222
12,2025-08-12,2703.91,218
12,2025-08-11,2711.85,209
12,2025-08-10,2607.65,160
12,2025-08-09,2968.95,172
12,2025-08-08,3300.14,138
12,2025-08-07,3216.47,169
12,2025-08-06,3266.56,162
12,2025-08-05,2992.32,193
12,2025-08-04,2584.5,178
12,2025-08-03,2748.87,191
12,2025-08-02,3104.82,165
12,2025-08-01,3197.12,192
12,2025-07-31,3497.92,198
12,2025-07-30,3144.16,193
12,2025-07-29,2824.75,154
12,2025-07-28,2659.79,190
12,2025-07-27,2677.19,185
12,2025-07-26,3083.47,198
12,2025-07-25,3113.36,115
12,2025-07-24,3197.32,210
12,2025-07-23,3000.77,125
12,2025-07-22,2812.12,191
12,2025-07-21,2518.26,212
12,2025-07-20,2651.86,143
12,2025-07-19,2931.85,158
12,2025-07-18,2928.23,189
12,2025-07-17,3100.24,203
12,2025-07-16,3186.57,113
12,2025-07-15,2773.91,147
12,2025-07-14,2439.42,128
12,2025-07-13,2870.4,156
12,2025-07-12,2923.97,148
12,2025-07-11,3123.86,217
12,2025-07-10,3289.09,149
12,2025-07-09,3126.8,229
12,2025-07-08,2840.99,190
12,2025-07-07,2673.55,182
12,2025-07-06,2604.74,127
12,2025-07-05,2845.69,241
12,2025-07-04,2988.36,166
12,2025-07-03,3349.71,216
12,2025-07-02,3021.2,193
12,2025-07-01,2802.75,193
12,2025-06-30,2715.72,154
12,2025-06-29,2648.83,169
12,2025-06-28,3027.05,202
12,2025-06-27,3111.81,166
12,2025-06-26,3127.44,118
12,2025-06-25,3238.74,171
12,2025-06-24,2886.04,138
12,2025-06-23,2984.32,210
12,2025-06-22,2504.44,193
12,2025-06-21,2863.12,212
12,2025-06-20,3302.68,176
12,2025-06-19,3462.97,162
12,2025-06-18,2966.24,177
12,2025-06-17,2776.18,183
12,2025-06-16,2896.7,145
12,2025-06-15,2652.59,233
12,2025-06-14,3173.57,207
12,2025-06-13,3311.21,150
12,2025-06-12,3237.46,145
12,2025-06-11,3171.53,219
12,2025-06-10,2807.94,202
12,2025-06-09,2822.21,214
12,2025-06-08,2869.53,161
12,2025-06-07,2812.05,212
12,2025-06-06,3184.96,175
12,2025-06-05,3235.74,204
12,2025-06-04,3110.09,178
12,2025-06-03,2820.07,184
12,2025-06-02,2557.64,171
12,2025-06-01,2684.16,186
12,2025-05-31,2821.21,212
12,2025-05-30,3015.01,207
12,2025-05-29,3091.82,177
12,2025-05-28,3136.37,191
12,2025-05-27,2981.79,169
12,2025-05-26,2762.9,185
12,2025-05-25,2784.8,161
12,2025-05-24,2734.6,210
12,2025-05-23,3222.56,176
12,2025-05-22,3265.39,180
12,2025-05-21,2949.58,133
12,2025-05-20,2927.88,209
12,2025-05-19,2515.51,200
12,2025-05-18,2747.69,144
12,2025-05-17,2915.53,178
12,2025-05-16,3255.12,152
12,2025-05-15,3145.97,197
12,2025-05-14,3022.82,155
12,2025-05-13,2689.76,117
12,2025-05-12,2919.25,192
12,2025-05-11,2746.09,183
12,2025-05-10,2987.39,170
12,2025-05-09,3144.21,229
12,2025-05-08,3028.73,202
12,2025-05-07,2942.69,232
12,2025-05-06,2489.48,200
12,2025-05-05,2610.7,182
12,2025-05-04,2720.55,212
12,2025-05-03,2940.88,121
12,2025-05-02,3498.44,160
12,2025-05-01,3319.69,174
12,2025-04-30,3072.72,237
12,2025-04-29,2795.28,170
12,2025-04-28,2781.51,145
12,2025-04-27,2734.66,175
12,2025-04-26,3139.08,136
12,2025-04-25,3145.54,132
12,2025-04-24,3179.05,181
12,2025-04-23,3077.69,176
12,2025-04-22,2859.12,172
12,2025-04-21,2579.21,219
12,2025-04-20,2822.4,161
12,2025-04-19,3061.52,178
13,2025-08-16,2722.67,234
13,2025-08-15,2573.74,204
13,2025-08-14,2828.88,185
13,2025-08-13,2635.34,197
13,2025-08-12,2671.71,197
13,2025-08-11,2269.83,121
13,2025-08-10,2543.52,183
13,2025-08-09,2808.49,194
13,2025-08-08,2764.62,175
13,2025-08-07,2859.11,168
13,2025-08-06,2569.73,176
13,2025-08-05,2533.0,185
13,2025-08-04,2309.75,178
13,2025-08-03,2493.99,173
13,2025-08-02,2559.67,146
13,2025-08-01,2956.76,93
13,2025-07-31,2778.25,112
13,2025-07-30,2962.37,183
13,2025-07-29,2332.49,148
13,2025-07-28,2200.05,201
13,2025-07-27,2443.15,178
13,2025-07-26,2621.12,191
13,2025-07-25,2855.77,204
13,2025-07-24,2932.39,136
13,2025-07-23,2669.36,177
13,2025-07-22,2447.28,171
13,2025-07-21,2294.79,214
13,2025-07-20,2541.97,167
13,2025-07-19,2394.09,220
13,2025-07-18,2717.2,159
13,2025-07-17,2708.72,169
13,2025-07-16,2573.54,158
13,2025-07-15,2301.59,169
13,2025-07-14,2409.21,185
13,2025-07-13,2337.42,153
13,2025-07-12,2436.5,206
13,2025-07-11,2526.48,212
13,2025-07-10,2642.04,143
13,2025-07-09,2794.73,209
13,2025-07-08,2319.5,193
13,2025-07-07,2345.49,203
13,2025-07-06,2461.28,169
13,2025-07-05,2708.33,126
13,2025-07-04,2572.13,183
13,2025-07-03,2805.38,158
13,2025-07-02,2719.38,203
13,2025-07-01,2537.02,147
13,2025-06-30,2272.89,137
13,2025-06-29,2315.75,166
13,2025-06-28,2606.09,165
13,2025-06-27,2703.38,191
13,2025-06-26,2919.13,178
13,2025-06-25,2556.64,192
13,2025-06-24,2264.13,182
13,2025-06-23,2274.8,234
13,2025-06-22,2462.12,86
13,2025-06-21,2607.91,208
13,2025-06-20,2939.42,154
13,2025-06-19,2847.03,182
13,2025-06-18,2382.55,126
13,2025-06-17,2403.69,241
13,2025-06-16,2396.75,204
13,2025-06-15,2482.04,161
13,2025-06-14,2580.05,190
13,2025-06-13,2839.6,171
13,2025-06-12,2907.17,204
13,2025-06-11,2586.49,222
13,2025-06-10,2451.94,135
13,2025-06-09,2441.62,165
13,2025-06-08,2194.64,184
13,2025-06-07,2281.57,211
13,2025-06-06,2879.67,183
13,2025-06-05,2930.88,146
13,2025-06-04,2441.09,192
13,2025-06-03,2554.36,170
13,2025-06-02,2354.82,189
13,2025-06-01,2462.39,161
13,2025-05-31,2620.39,222
13,2025-05-30,3001.23,158
13,2025-05-29,2733.65,188
13,2025-05-28,2758.27,163
13,2025-05-27,2383.83,197
13,2025-05-26,2501.96,137
13,2025-05-25,2274.67,235
13,2025-05-24,2595.79,214
13,2025-05-23,2767.61,188
13,2025-05-22,2780.63,198
13,2025-05-21,2594.5,167
13,2025-05-20,2366.34,125
13,2025-05-19,2359.76,162
13,2025-05-18,2254.55,146
13,2025-05-17,2558.61,199
13,2025-05-16,2708.18,188
13,2025-05-15,2734.24,205
13,2025-05-14,2565.69,179
13,2025-05-13,2577.12,198
13,2025-05-12,2424.09,219
13,2025-05-11,2582.02,235
13,2025-05-10,2523.35,168
13,2025-05-09,2655.16,217
13,2025-05-08,2727.16,198
13,2025-05-07,2803.18,160
13,2025-05-06,2417.38,169
13,2025-05-05,2166.37,183
13,2025-05-04,2382.72,219
13,2025-05-03,2640.32,149
13,2025-05-02,2709.38,179
13,2025-05-01,2673.57,133
13,2025-04-30,2710.3,197
13,2025-04-29,2336.6,174
13,2025-04-28,2231.88,174
13,2025-04-27,2354.6,185
13,2025-04-26,2445.07,162
13,2025-04-25,2789.08,232
13,2025-04-24,2807.71,153
13,2025-04-23,2636.75,235
13,2025-04-22,2516.96,140
13,2025-04-21,2233.76,192
13,2025-04-20,2318.28,150
13,2025-04-19,2681.47,214
14,2025-08-16,2243.6,239
14,2025-08-15,2555.34,146
14,2025-08-14,2612.76,184
14,2025-08-13,2414.87,112
14,2025-08-12,2322.13,154
14,2025-08-11,2129.74,192
14,2025-08-10,2040.27,202
14,2025-08-09,2197.89,147
14,2025-08-08,2604.17,191
14,2025-08-07,2523.37,158
14,2025-08-06,2132.62,139
14,2025-08-05,2267.35,169
14,2025-08-04,2120.78,203
14,2025-08-03,2216.82,211
14,2025-08-02,2360.64,147
14,2025-08-01,2736.01,135
14,2025-07-31,2457.25,201
14,2025-07-30,2430.65,148
14,2025-07-29,2185.43,232
14,2025-07-28,2160.91,186
14,2025-07-27,2013.65,238
14,2025-07-26,2274.81,172
14,2025-07-25,2343.25,164
14,2025-07-24,2644.7,178
14,2025-07-23,2366.47,187
14,2025-07-22,2033.56,159
14,2025-07-21,2043.59,204
14,2025-07-20,2290.03,181
14,2025-07-19,2487.51,199
14,2025-07-18,2622.94,151
14,2025-07-17,2338.12,222
14,2025-07-16,2425.28,233
14,2025-07-15,2423.34,140
14,2025-07-14,2272.71,120
14,2025-07-13,2135.08,168
14,2025-07-12,2331.12,229
14,2025-07-11,2402.43,146
14,2025-07-10,2422.96,193
14,2025-07-09,2439.28,223
14,2025-07-08,2233.02,206
14,2025-07-07,2057.68,228
14,2025-07-06,2305.98,236
14,2025-07-05,2320.61,115
14,2025-07-04,2388.66,120
14,2025-07-03,2343.32,167
14,2025-07-02,2294.5,202
14,2025-07-01,2288.18,159
14,2025-06-30,1970.86,180
14,2025-06-29,2171.99,175
14,2025-06-28,2317.79,161
14,2025-06-27,2465.77,137
14,2025-06-26,2750.8,130
14,2025-06-25,2697.07,168
14,2025-06-24,2203.03,148
14,2025-06-23,2185.66,179
14,2025-06-22,2228.24,148
14,2025-06-21,2413.07,156
14,2025-06-20,2548.96,187
14,2025-06-19,2623.93,198
14,2025-06-18,2131.13,271
14,2025-06-17,2205.87,236
14,2025-06-16,2110.85,194
14,2025-06-15,2311.32,202
14,2025-06-14,2395.28,139
14,2025-06-13,2564.09,219
14,2025-06-12,2660.81,175
14,2025-06-11,2372.81,186
14,2025-06-10,2525.11,166
14,2025-06-09,2024.59,171
14,2025-06-08,2261.97,177
14,2025-06-07,2419.42,196
14,2025-06-06,2554.46,166
14,2025-06-05,2549.8,166
14,2025-06-04,2663.74,201
14,2025-06-03,2278.57,204
14,2025-06-02,2096.27,143
14,2025-06-01,2095.4,204
14,2025-05-31,2387.84,156
14,2025-05-30,2449.58,137
14,2025-05-29,2353.0,216
14,2025-05-28,2373.26,225
14,2025-05-27,2004.78,180
14,2025-05-26,2101.36,181
14,2025-05-25,2091.73,162
14,2025-05-24,2246.6,223
14,2025-05-23,2506.6,213
14,2025-05-22,2589.33,146
14,2025-05-21,2581.83,196
14,2025-05-20,2313.39,175
14,2025-05-19,2061.45,199
14,2025-05-18,2211.46,237
14,2025-05-17,2320.45,197
14,2025-05-16,2626.46,196
14,2025-05-15,2847.73,202
14,2025-05-14,2610.11,195
14,2025-05-13,2371.25,159
14,2025-05-12,1976.8,166
14,2025-05-11,2276.68,180
14,2025-05-10,2459.64,139
14,2025-05-09,2717.25,149
14,2025-05-08,2584.82,154
14,2025-05-07,2273.72,166
14,2025-05-06,2043.77,113
14,2025-05-05,2059.63,157
14,2025-05-04,2157.04,222
14,2025-05-03,2375.23,231
14,2025-05-02,2463.64,188
14,2025-05-01,2487.28,178
14,2025-04-30,2544.11,154
14,2025-04-29,2103.08,191
14,2025-04-28,2179.29,188
14,2025-04-27,2280.96,244
14,2025-04-26,2496.56,182
14,2025-04-25,2494.45,245
14,2025-04-24,2555.94,162
14,2025-04-23,2332.88,163
14,2025-04-22,2218.15,202
14,2025-04-21,2196.9,242
14,2025-04-20,2286.65,211
14,2025-04-19,2285.68,267
15,2025-08-16,1705.96,162
15,2025-08-15,1994.42,170
15,2025-08-14,1744.34,213
15,2025-08-13,1941.28,231
15,2025-08-12,1809.22,167
15,2025-08-11,1648.94,155
15,2025-08-10,1646.07,214
15,2025-08-09,1749.42,215
15,2025-08-08,1931.49,158
15,2025-08-07,1834.57,165
15,2025-08-06,1834.44,169
15,2025-08-05,1470.97,178
15,2025-08-04,1737.49,220
15,2025-08-03,1655.68,173
15,2025-08-02,1831.63,173
15,2025-08-01,1895.6,184
15,2025-07-31,2110.56,216
15,2025-07-30,1831.01,160
15,2025-07-29,1633.44,243
15,2025-07-28,1449.06,147
15,2025-07-27,1751.04,173
15,2025-07-26,1740.51,119
15,2025-07-25,1957.4,139
15,2025-07-24,2129.8,174
15,2025-07-23,2011.27,127
15,2025-07-22,1887.93,173
15,2025-07-21,1682.76,208
15,2025-07-20,1384.11,238
15,2025-07-19,1566.79,182
15,2025-07-18,1994.88,177
15,2025-07-17,1934.47,255
15,2025-07-16,1788.38,178
15,2025-07-15,1658.3,168
15,2025-07-14,1741.04,211
15,2025-07-13,1527.71,154
15,2025-07-12,1919.1,162
15,2025-07-11,1952.33,160
15,2025-07-10,2113.89,167
15,2025-07-09,1924.7,213
15,2025-07-08,1623.81,214
15,2025-07-07,1710.98,125
15,2025-07-06,1810.13,157
15,2025-07-05,1913.5,157
15,2025-07-04,1978.67,213
15,2025-07-03,1940.53,136
15,2025-07-02,1948.39,176
15,2025-07-01,1677.15,160
15,2025-06-30,1576.99,203
15,2025-06-29,1857.02,189
15,2025-06-28,1816.67,210
15,2025-06-27,2136.43,226
15,2025-06-26,1991.17,223
15,2025-06-25,1721.33,179
15,2025-06-24,1909.26,172
15,2025-06-23,1765.82,196
15,2025-06-22,1659.29,139
15,2025-06-21,1725.44,214
15,2025-06-20,1970.28,229
15,2025-06-19,1944.29,181
15,2025-06-18,2009.07,161
15,2025-06-17,1599.86,145
15,2025-06-16,1531.31,155
15,2025-06-15,1679.17,203
15,2025-06-14,1745.92,142
15,2025-06-13,1961.94,157
15,2025-06-12,1879.69,154
15,2025-06-11,1722.7,158
15,2025-06-10,1665.3,227
15,2025-06-09,1728.5,167
15,2025-06-08,1898.41,166
15,2025-06-07,1757.46,160
15,2025-06-06,1811.15,179
15,2025-06-05,1758.79,169
15,2025-06-04,2124.06,224
15,2025-06-03,1620.87,159
15,2025-06-02,1789.17,212
15,2025-06-01,1589.76,194
15,2025-05-31,1828.5,170
15,2025-05-30,1986.78,264
15,2025-05-29,1791.43,188
15,2025-05-28,1750.88,119
15,2025-05-27,1836.04,222
15,2025-05-26,1757.13,199
15,2025-05-25,1598.68,215
15,2025-05-24,1786.88,158
15,2025-05-23,1916.1,139
15,2025-05-22,2123.47,126
15,2025-05-21,1847.51,163
15,2025-05-20,1864.92,219
15,2025-05-19,1584.54,144
15,2025-05-18,1546.07,194
15,2025-05-17,1807.26,193
15,2025-05-16,2041.4,192
15,2025-05-15,2137.68,164
15,2025-05-14,2011.84,197
15,2025-05-13,1888.66,146
15,2025-05-12,1458.34,182
15,2025-05-11,1915.62,192
15,2025-05-10,1476.59,186
15,2025-05-09,2091.33,173
15,2025-05-08,1904.4,259
15,2025-05-07,1749.69,186
15,2025-05-06,1797.75,153
15,2025-05-05,1509.47,189
15,2025-05-04,1529.33,184
15,2025-05-03,1903.05,193
15,2025-05-02,1977.21,157
15,2025-05-01,1993.61,192
15,2025-04-30,1920.89,206
15,2025-04-29,1671.69,175
15,2025-04-28,1618.07,203
15,2025-04-27,1829.51,198
15,2025-04-26,1930.05,237
15,2025-04-25,2063.31,223
15,2025-04-24,2008.38,172
15,2025-04-23,1856.25,190
15,2025-04-22,1850.76,190
15,2025-04-21,1607.49,148
15,2025-04-20,1725.05,202
15,2025-04-19,1727.83,183
16,2025-08-16,2645.0,180
16,2025-08-15,2726.03,174
16,2025-08-14,2951.14,179
16,2025-08-13,2655.18,230
16,2025-08-12,2596.45,194
16,2025-08-11,2581.26,173
16,2025-08-10,2283.18,188
16,2025-08-09,2696.68,176
16,2025-08-08,2993.22,180
16,2025-08-07,2794.79,199
16,2025-08-06,2756.96,169
16,2025-08-05,2511.42,188
16,2025-08-04,2285.21,173
16,2025-08-03,2526.01,176
16,2025-08-02,2787.79,135
16,2025-08-01,2802.4,168
16,2025-07-31,2881.67,187
16,2025-07-30,2479.69,187
16,2025-07-29,2600.61,180
16,2025-07-28,2355.79,176
16,2025-07-27,2369.95,170
16,2025-07-26,2451.82,221
16,2025-07-25,2838.68,187
16,2025-07-24,2842.61,172
16,2025-07-23,2777.65,131
16,2025-07-22,2651.69,176
16,2025-07-21,2309.39,191
16,2025-07-20,2304.84,155
16,2025-07-19,2507.0,141
16,2025-07-18,2870.67,128
16,2025-07-17,3012.76,239
16,2025-07-16,2679.28,206
16,2025-07-15,2534.8,210
16,2025-07-14,2300.27,172
16,2025-07-13,2448.92,206
16,2025-07-12,2904.68,147
16,2025-07-11,2748.86,222
16,2025-07-10,2978.28,163
16,2025-07-09,2800.51,194
16,2025-07-08,2376.23,147
16,2025-07-07,2433.66,203
16,2025-07-06,2359.17,220
16,2025-07-05,2750.13,194
16,2025-07-04,2716.94,176
16,2025-07-03,2959.79,169
16,2025-07-02,2765.97,177
16,2025-07-01,2698.0,179
16,2025-06-30,2452.3,173
16,2025-06-29,2312.88,188
16,2025-06-28,2543.88,187
16,2025-06-27,2823.98,194
16,2025-06-26,2987.25,159
16,2025-06-25,2788.32,187
16,2025-06-24,2589.28,172
16,2025-06-23,2068.29,202
16,2025-06-22,2329.29,183
16,2025-06-21,2713.81,192
16,2025-06-20,2843.23,203
16,2025-06-19,2861.37,142
16,2025-06-18,2932.55,157
16,2025-06-17,2330.23,180
16,2025-06-16,2277.58,152
16,2025-06-15,2703.23,184
16,2025-06-14,2518.41,205
16,2025-06-13,2960.58,182
16,2025-06-12,2879.82,163
16,2025-06-11,2977.72,166
16,2025-06-10,2485.74,193
16,2025-06-09,2316.33,166
16,2025-06-08,2642.29,210
16,2025-06-07,2900.35,179
16,2025-06-06,2721.69,182
16,2025-06-05,2886.21,139
16,2025-06-04,2954.75,215
16,2025-06-03,2472.5,219
16,2025-06-02,2353.21,265
16,2025-06-01,2605.62,173
16,2025-05-31,2744.17,170
16,2025-05-30,2907.8,151
16,2025-05-29,2891.15,170
16,2025-05-28,2844.43,237
16,2025-05-27,2511.76,185
16,2025-05-26,2232.67,170
16,2025-05-25,2598.68,153
16,2025-05-24,2836.37,158
16,2025-05-23,2804.63,169
16,2025-05-22,2810.58,231
16,2025-05-21,2719.92,216
16,2025-05-20,2749.63,179
16,2025-05-19,2388.63,185
16,2025-05-18,2436.69,166
16,2025-05-17,2495.14,148
16,2025-05-16,2821.32,170
16,2025-05-15,2618.99,201
16,2025-05-14,2784.09,224
16,2025-05-13,2515.37,190
16,2025-05-12,2304.55,196
16,2025-05-11,2424.86,239
16,2025-05-10,2527.57,225
16,2025-05-09,2892.57,184
16,2025-05-08,2822.86,156
16,2025-05-07,2685.09,143
16,2025-05-06,2575.88,128
16,2025-05-05,2273.79,154
16,2025-05-04,2348.89,211
16,2025-05-03,2670.16,147
16,2025-05-02,2742.31,216
16,2025-05-01,2834.15,179
16,2025-04-30,2749.65,150
16,2025-04-29,2485.96,161
16,2025-04-28,2489.9,207
16,2025-04-27,2331.7,143
16,2025-04-26,2706.86,112
16,2025-04-25,2922.62,200
16,2025-04-24,2988.6,111
16,2025-04-23,2755.3,157
16,2025-04-22,2482.62,224
16,2025-04-21,2383.69,160
16,2025-04-20,2537.56,188
16,2025-04-19,2735.56,202
17,2025-08-16,1513.88,151
17,2025-08-15,1715.22,172
17,2025-08-14,1784.37,170
17,2025-08-13,1859.76,115
17,2025-08-12,1408.99,111
17,2025-08-11,1476.97,194
17,2025-08-10,1473.74,176
17,2025-08-09,1450.77,214
17,2025-08-08,1753.42,178
17,2025-08-07,1637.9,214
17,2025-08-06,1726.12,198
17,2025-08-05,1304.86,145
17,2025-08-04,1309.92,178
17,2025-08-03,1331.78,202
17,2025-08-02,1573.32,130
17,2025-08-01,1758.3,186
17,2025-07-31,1818.34,151
17,2025-07-30,1747.62,134
17,2025-07-29,1065.14,210
17,2025-07-28,1518.0,229
17,2025-07-27,1470.06,158
17,2025-07-26,1459.25,136
17,2025-07-25,1767.32,225
17,2025-07-24,1972.38,161
17,2025-07-23,1730.19,232
17,2025-07-22,1475.04,160
17,2025-07-21,1367.9,188
17,2025-07-20,1363.97,156
17,2025-07-19,1791.45,178
17,2025-07-18,1693.68,188
17,2025-07-17,1654.84,170
17,2025-07-16,1693.87,207
17,2025-07-15,1510.75,144
17,2025-07-14,1437.89,195
17,2025-07-13,1512.26,155
17,2025-07-12,1516.72,105
17,2025-07-11,1728.31,213
17,2025-07-10,1734.43,152
17,2025-07-09,1839.58,207
17,2025-07-08,1578.58,191
17,2025-07-07,1248.38,199
17,2025-07-06,1439.22,199
17,2025-07-05,1592.87,186
17,2025-07-04,1734.88,182
17,2025-07-03,1693.36,199
17,2025-07-02,1817.56,179
17,2025-07-01,1571.96,200
17,2025-06-30,1401.89,178
17,2025-06-29,1524.4,182
17,2025-06-28,1448.38,216
17,2025-06-27,1548.51,182
17,2025-06-26,1646.79,135
17,2025-06-25,1529.45,155
17,2025-06-24,1666.75,189
17,2025-06-23,1309.08,161
17,2025-06-22,1298.72,133
17,2025-06-21,1502.16,194
17,2025-06-20,1593.83,194
17,2025-06-19,1637.61,191
17,2025-06-18,1545.31,198
17,2025-06-17,1377.99,141
17,2025-06-16,1441.68,222
17,2025-06-15,1403.37,146
17,2025-06-14,1397.37,123
17,2025-06-13,1894.78,141
17,2025-06-12,1734.15,191
17,2025-06-11,1339.71,181
17,2025-06-10,1733.95,164
17,2025-06-09,1462.25,149
17,2025-06-08,1593.06,215
17,2025-06-07,1465.96,186
17,2025-06-06,1362.77,201
17,2025-06-05,1738.82,128
17,2025-06-04,1711.59,232
17,2025-06-03,1521.53,166
17,2025-06-02,1489.43,107
17,2025-06-01,1546.18,182
17,2025-05-31,1640.78,195
17,2025-05-30,1903.05,146
17,2025-05-29,1669.52,178
17,2025-05-28,1477.72,169
17,2025-05-27,1478.05,234
17,2025-05-26,1369.1,163
17,2025-05-25,1378.01,167
17,2025-05-24,1556.99,152
17,2025-05-23,1638.52,183
17,2025-05-22,1852.6,178
17,2025-05-21,1693.49,211
17,2025-05-20,1351.89,188
17,2025-05-19,1571.0,173
17,2025-05-18,1464.33,185
17,2025-05-17,1495.77,156
17,2025-05-16,1769.54,193
17,2025-05-15,1784.53,177
17,2025-05-14,1676.58,137
17,2025-05-13,1588.61,192
17,2025-05-12,1549.69,167
17,2025-05-11,1381.97,169
17,2025-05-10,1648.35,200
17,2025-05-09,1355.68,213
17,2025-05-08,1769.24,208
17,2025-05-07,1483.82,224
17,2025-05-06,1618.84,102
17,2025-05-05,1698.54,266
17,2025-05-04,1358.7,157
17,2025-05-03,1287.31,188
17,2025-05-02,1710.67,215
17,2025-05-01,1845.6,170
17,2025-04-30,1691.9,175
17,2025-04-29,1605.06,177
17,2025-04-28,1604.53,183
17,2025-04-27,1303.16,187
17,2025-04-26,1538.72,232
17,2025-04-25,1725.72,220
17,2025-04-24,2016.63,194
17,2025-04-23,1830.02,182
17,2025-04-22,1525.5,114
17,2025-04-21,1373.82,222
17,2025-04-20,1497.13,173
17,2025-04-19,1659.78,152
18,2025-08-16,2972.82,185
18,2025-08-15,3292.17,153
18,2025-08-14,3243.4,200
18,2025-08-13,3031.67,215
18,2025-08-12,2945.41,160
18,2025-08-11,2582.37,186
18,2025-08-10,2653.05,185
18,2025-08-09,3057.07,250
18,2025-08-08,2849.93,223
18,2025-08-07,3192.0,152
18,2025-08-06,2956.39,172
18,2025-08-05,2697.5,166
18,2025-08-04,2609.84,134
18,2025-08-03,2422.8,121
18,2025-08-02,2957.2,185
18,2025-08-01,2965.56,159
18,2025-07-31,3092.68,152
18,2025-07-30,3005.61,196
18,2025-07-29,2808.34,169
18,2025-07-28,2662.09,206
18,2025-07-27,2622.21,194
18,2025-07-26,2973.74,165
18,2025-07-25,2931.1,160
18,2025-07-24,3260.29,149
18,2025-07-23,3179.26,194
18,2025-07-22,2817.26,160
18,2025-07-21,2737.98,235
18,2025-07-20,2763.59,147
18,2025-07-19,2938.69,182
18,2025-07-18,3171.58,190
18,2025-07-17,3155.81,198
18,2025-07-16,3136.49,181
18,2025-07-15,2861.29,167
18,2025-07-14,2515.37,153
18,2025-07-13,2826.63,117
18,2025-07-12,2966.35,220
18,2025-07-11,3163.87,200
18,2025-07-10,3420.96,160
18,2025-07-09,2949.6,200
18,2025-07-08,2884.57,220
18,2025-07-07,2794.15,190
18,2025-07-06,2801.39,184
18,2025-07-05,2654.78,204
18,2025-07-04,3287.66,166
18,2025-07-03,3157.09,182
18,2025-07-02,2977.98,195
18,2025-07-01,2953.82,177
18,2025-06-30,2773.82,143
18,2025-06-29,2810.21,224
18,2025-06-28,2992.76,171
18,2025-06-27,3002.02,153
18,2025-06-26,3119.35,205
18,2025-06-25,3105.37,219
18,2025-06-24,2597.99,188
18,2025-06-23,2692.19,200
18,2025-06-22,2728.07,157
18,2025-06-21,2668.29,188
18,2025-06-20,3174.69,211
18,2025-06-19,3258.0,186
18,2025-06-18,3053.61,194
18,2025-06-17,2956.76,189
18,2025-06-16,2737.7,253
18,2025-06-15,2754.09,242
18,2025-06-14,2985.41,136
18,2025-06-13,3222.01,165
18,2025-06-12,3373.68,149
18,2025-06-11,2935.0,164
18,2025-06-10,2770.77,198
18,2025-06-09,2741.69,163
18,2025-06-08,2723.62,113
18,2025-06-07,2785.34,180
18,2025-06-06,3001.8,176
18,2025-06-05,3254.14,206
18,2025-06-04,3105.09,110
18,2025-06-03,2641.73,200
18,2025-06-02,2671.46,180
18,2025-06-01,2403.36,133
18,2025-05-31,2978.74,192
18,2025-05-30,3103.6,179
18,2025-05-29,3144.33,122
18,2025-05-28,3155.91,197
18,2025-05-27,2803.57,158
18,2025-05-26,2445.25,190
18,2025-05-25,2575.67,205
18,2025-05-24,2894.86,211
18,2025-05-23,3331.66,202
18,2025-05-22,3416.22,229
18,2025-05-21,3098.91,203
18,2025-05-20,2902.91,195
18,2025-05-19,2671.82,213
18,2025-05-18,2671.42,172
18,2025-05-17,3084.17,202
18,2025-05-16,3343.76,219
18,2025-05-15,3154.04,221
18,2025-05-14,3107.66,178
18,2025-05-13,2774.93,127
18,2025-05-12,2699.48,254
18,2025-05-11,2624.31,176
18,2025-05-10,3051.35,160
18,2025-05-09,3088.86,259
18,2025-05-08,3281.94,170
18,2025-05-07,3260.16,144
18,2025-05-06,3051.17,138
18,2025-05-05,2736.65,164
18,2025-05-04,2719.98,188
18,2025-05-03,2821.45,225
18,2025-05-02,2970.91,128
18,2025-05-01,3273.68,167
18,2025-04-30,2985.35,158
18,2025-04-29,2796.33,210
18,2025-04-28,2827.59,251
18,2025-04-27,2781.94,204
18,2025-04-26,3037.3,167
18,2025-04-25,3140.27,213
18,2025-04-24,3049.73,184
18,2025-04-23,3027.01,171
18,2025-04-22,2655.22,169
18,2025-04-21,2685.05,146
18,2025-04-20,2644.57,185
18,2025-04-19,3009.01,177
19,2025-08-16,1827.53,173
19,2025-08-15,2085.19,168
19,2025-08-14,2092.9,211
19,2025-08-13,2033.6,176
19,2025-08-12,1828.37,177
19,2025-08-11,1786.25,178
19,2025-08-10,1569.0,176
19,2025-08-09,1996.09,248
19,2025-08-08,1755.43,197
19,2025-08-07,1930.53,185
19,2025-08-06,1895.82,179
19,2025-08-05,1415.25,184
19,2025-08-04,1512.52,176
19,2025-08-03,1530.04,171
19,2025-08-02,1739.1,128
19,2025-08-01,1898.09,173
19,2025-07-31,2148.61,176
19,2025-07-30,1883.4,199
19,2025-07-29,1842.92,176
19,2025-07-28,1748.16,182
19,2025-07-27,1707.16,171
19,2025-07-26,1702.76,153
19,2025-07-25,2044.08,170
19,2025-07-24,1992.63,240
19,2025-07-23,1911.98,201
19,2025-07-22,1754.94,166
19,2025-07-21,1732.18,150
19,2025-07-20,1669.39,158
19,2025-07-19,1847.88,198
19,2025-07-18,1996.06,189
19,2025-07-17,2053.26,224
19,2025-07-16,1764.66,189
19,2025-07-15,1917.98,191
19,2025-07-14,1506.75,172
19,2025-07-13,1458.86,191
19,2025-07-12,1918.55,190
19,2025-07-11,2017.09,180
19,2025-07-10,2163.52,158
19,2025-07-09,1789.59,217
19,2025-07-08,1786.88,157
19,2025-07-07,1658.79,185
19,2025-07-06,1903.19,179
19,2025-07-05,1923.01,180
19,2025-07-04,1803.88,188
19,2025-07-03,2026.52,218
19,2025-07-02,1816.84,202
19,2025-07-01,1760.27,163
19,2025-06-30,1698.99,163
19,2025-06-29,1898.3,209
19,2025-06-28,1847.78,190
19,2025-06-27,1976.79,171
19,2025-06-26,1766.73,177
19,2025-06-25,1926.87,181
19,2025-06-24,1682.94,191
19,2025-06-23,1721.39,185
19,2025-06-22,1624.49,176
19,2025-06-21,2050.72,165
19,2025-06-20,1842.07,216
19,2025-06-19,2171.1,168
19,2025-06-18,2096.9,143
19,2025-06-17,2023.79,141
19,2025-06-16,1476.81,101
19,2025-06-15,1630.62,141
19,2025-06-14,2003.05,248
19,2025-06-13,1961.28,179
19,2025-06-12,2078.58,139
19,2025-06-11,2049.66,172
19,2025-06-10,1769.8,185
19,2025-06-09,1552.92,183
19,2025-06-08,1502.58,155
19,2025-06-07,1672.48,169
19,2025-06-06,1827.86,141
19,2025-06-05,2128.33,237
19,2025-06-04,1915.89,162
19,2025-06-03,1747.51,153
19,2025-06-02,1624.13,160
19,2025-06-01,1511.73,217
19,2025-05-31,1777.66,131
19,2025-05-30,1903.38,221
19,2025-05-29,2006.44,213
19,2025-05-28,1861.75,181
19,2025-05-27,1654.56,182
19,2025-05-26,1664.96,155
19,2025-05-25,1852.83,160
19,2025-05-24,2040.57,189
19,2025-05-23,2157.38,190
19,2025-05-22,1941.44,196
19,2025-05-21,1930.91,176
19,2025-05-20,1889.1,185
19,2025-05-19,1507.44,181
19,2025-05-18,1855.0,205
19,2025-05-17,2108.68,155
19,2025-05-16,1968.02,169
19,2025-05-15,1995.6,219
19,2025-05-14,1949.75,216
19,2025-05-13,1819.6,133
19,2025-05-12,1720.89,171
19,2025-05-11,1530.67,189
19,2025-05-10,2103.5,181
19,2025-05-09,2080.95,139
19,2025-05-08,2019.3,227
19,2025-05-07,1853.18,206
19,2025-05-06,1797.85,164
19,2025-05-05,1740.01,207
19,2025-05-04,1537.06,185
19,2025-05-03,1780.23,182
19,2025-05-02,1857.77,160
19,2025-05-01,1971.05,124
19,2025-04-30,1853.01,155
19,2025-04-29,1815.16,196
19,2025-04-28,1677.73,190
19,2025-04-27,1628.81,183
19,2025-04-26,1890.57,182
19,2025-04-25,2162.84,232
19,2025-04-24,2066.41,166
19,2025-04-23,1790.98,243
19,2025-04-22,1711.56,152
19,2025-04-21,1722.33,160
19,2025-04-20,1683.24,200
19,2025-04-19,2037.75,168
20,2025-08-16,3222.94,181
20,2025-08-15,3538.72,172
20,2025-08-14,3609.34,188
20,2025-08-13,3313.66,137
20,2025-08-12,3113.63,174
20,2025-08-11,3040.41,173
20,2025-08-10,2821.13,217
20,2025-08-09,3178.74,218
20,2025-08-08,3406.84,211
20,2025-08-07,3530.11,209
20,2025-08-06,3253.82,192
20,2025-08-05,3007.44,199
20,2025-08-04,2918.23,164
20,2025-08-03,3136.98,196
20,2025-08-02,3394.97,178
20,2025-08-01,3482.19,184
20,2025-07-31,3530.65,171
20,2025-07-30,3227.35,176
20,2025-07-29,2973.51,191
20,2025-07-28,2995.1,171
20,2025-07-27,3006.16,191
20,2025-07-26,3164.66,126
20,2025-07-25,3379.76,106
20,2025-07-24,3515.05,198
20,2025-07-23,3355.26,242
20,2025-07-22,3117.81,217
20,2025-07-21,3146.33,145
20,2025-07-20,3082.89,124
20,2025-07-19,3298.98,189
20,2025-07-18,3519.42,130
20,2025-07-17,3565.59,178
20,2025-07-16,3398.17,158
20,2025-07-15,3087.54,165
20,2025-07-14,2844.69,161
20,2025-07-13,2930.32,131
20,2025-07-12,3314.25,197
20,2025-07-11,3465.94,139
20,2025-07-10,3623.04,222
20,2025-07-09,3237.0,133
20,2025-07-08,2975.99,171
20,2025-07-07,2772.76,187
20,2025-07-06,3032.05,196
20,2025-07-05,3141.45,231
20,2025-07-04,3506.78,140
20,2025-07-03,3356.24,158
20,2025-07-02,3202.82,178
20,2025-07-01,3129.0,149
20,2025-06-30,2964.59,223
20,2025-06-29,2913.1,193
20,2025-06-28,3121.58,185
20,2025-06-27,3388.46,159
20,2025-06-26,3521.68,184
20,2025-06-25,3329.1,171
20,2025-06-24,3282.08,213
20,2025-06-23,2912.96,197
20,2025-06-22,3084.04,194
20,2025-06-21,3084.13,135
20,2025-06-20,3558.79,180
20,2025-06-19,3661.11,220
20,2025-06-18,3261.49,228
20,2025-06-17,3079.79,172
20,2025-06-16,2928.11,153
20,2025-06-15,3208.93,232
20,2025-06-14,3149.01,125
20,2025-06-13,3639.93,206
20,2025-06-12,3343.39,143
20,2025-06-11,3431.4,203
20,2025-06-10,3013.64,137
20,2025-06-09,2905.69,176
20,2025-06-08,2869.95,153
20,2025-06-07,3363.58,233
20,2025-06-06,3436.38,211
20,2025-06-05,3577.95,201
20,2025-06-04,3247.33,220
20,2025-06-03,3028.83,150
20,2025-06-02,2805.02,173
20,2025-06-01,2910.86,230
20,2025-05-31,3181.82,168
20,2025-05-30,3411.77,119
20,2025-05-29,3471.13,199
20,2025-05-28,3301.86,243
20,2025-05-27,3048.13,182
20,2025-05-26,2915.29,194
20,2025-05-25,2985.22,196
20,2025-05-24,3130.28,205
20,2025-05-23,3445.41,157
20,2025-05-22,3608.45,165
20,2025-05-21,3507.47,183
20,2025-05-20,3053.55,154
20,2025-05-19,2845.35,195
20,2025-05-18,3043.98,175
20,2025-05-17,3131.49,175
20,2025-05-16,3587.52,146
20,2025-05-15,3737.94,192
20,2025-05-14,3301.76,196
20,2025-05-13,2995.76,237
20,2025-05-12,2737.03,147
20,2025-05-11,2907.94,177
20,2025-05-10,3010.04,192
20,2025-05-09,3582.21,203
20,2025-05-08,3509.42,181
20,2025-05-07,3358.26,170
20,2025-05-06,3402.6,199
20,2025-05-05,2937.41,143
20,2025-05-04,3118.19,166
20,2025-05-03,3538.28,188
20,2025-05-02,3487.62,142
20,2025-05-01,3249.06,188
20,2025-04-30,3334.44,190
20,2025-04-29,2990.53,139
20,2025-04-28,2923.87,194
20,2025-04-27,2923.25,202
20,2025-04-26,3401.31,172
20,2025-04-25,3736.45,172
20,2025-04-24,3537.22,231
20,2025-04-23,3366.79,144
20,2025-04-22,3201.4,232
20,2025-04-21,3262.04,161
20,2025-04-20,2953.99,222
20,2025-04-19,3401.33,123
21,2025-08-16,3179.36,176
21,2025-08-15,3352.66,186
21,2025-08-14,3672.61,182
21,2025-08-13,3583.29,194
21,2025-08-12,3196.38,190
21,2025-08-11,2998.74,189
21,2025-08-10,3134.31,156
21,2025-08-09,3409.78,200
21,2025-08-08,3344.44,185
21,2025-08-07,3546.64,175
21,2025-08-06,3387.21,113
21,2025-08-05,3190.02,208
21,2025-08-04,2938.12,132
21,2025-08-03,3271.01,179
21,2025-08-02,3263.04,184
21,2025-08-01,3548.16,180
21,2025-07-31,3511.43,217
21,2025-07-30,3452.04,146
21,2025-07-29,3212.52,242
21,2025-07-28,3258.72,178
21,2025-07-27,3009.9,167
21,2025-07-26,3279.22,171
21,2025-07-25,3496.65,235
21,2025-07-24,3602.96,189
21,2025-07-23,3543.09,158
21,2025-07-22,3079.93,149
21,2025-07-21,3073.29,245
21,2025-07-20,3250.58,181
21,2025-07-19,3708.74,148
21,2025-07-18,3701.4,149
21,2025-07-17,3725.99,208
21,2025-07-16,3475.43,178
21,2025-07-15,3307.24,168
21,2025-07-14,3082.99,154
21,2025-07-13,2979.11,171
21,2025-07-12,3162.58,159
21,2025-07-11,3557.62,194
21,2025-07-10,3737.95,187
21,2025-07-09,3354.3,198
21,2025-07-08,3297.9,192
21,2025-07-07,3071.71,139
21,2025-07-06,2948.48,166
21,2025-07-05,3338.54,230
21,2025-07-04,3666.35,224
21,2025-07-03,3648.86,187
21,2025-07-02,3296.71,155
21,2025-07-01,3128.78,175
21,2025-06-30,3103.41,191
21,2025-06-29,3151.22,177
21,2025-06-28,3265.51,204
21,2025-06-27,3566.98,164
21,2025-06-26,3682.74,183
21,2025-06-25,3311.99,195
21,2025-06-24,3232.9,140
21,2025-06-23,3076.98,212
21,2025-06-22,3007.54,222
21,2025-06-21,3387.93,219
21,2025-06-20,3568.64,182
21,2025-06-19,3701.2,129
21,2025-06-18,3440.01,111
21,2025-06-17,3271.0,180
21,2025-06-16,2999.42,119
21,2025-06-15,2981.54,225
21,2025-06-14,3248.27,210
21,2025-06-13,3576.4,140
21,2025-06-12,3510.24,159
21,2025-06-11,3370.28,163
21,2025-06-10,3207.6,203
21,2025-06-09,3077.43,260
21,2025-06-08,3056.81,222
21,2025-06-07,3321.62,173
21,2025-06-06,3620.01,173
21,2025-06-05,3520.8,184
21,2025-06-04,3507.66,167
21,2025-06-03,3174.22,170
21,2025-06-02,2874.31,143
21,2025-06-01,3398.12,180
21,2025-05-31,3360.91,215
21,2025-05-30,3640.44,205
21,2025-05-29,3722.77,161
21,2025-05-28,3467.63,151
21,2025-05-27,3161.6,179
21,2025-05-26,2851.28,181
21,2025-05-25,3064.47,172
21,2025-05-24,3414.1,170
21,2025-05-23,3765.37,175
21,2025-05-22,3707.05,127
21,2025-05-21,3500.06,158
21,2025-05-20,3245.12,193
21,2025-05-19,3119.42,204
21,2025-05-18,2995.11,214
21,2025-05-17,3380.53,227
21,2025-05-16,3635.21,172
21,2025-05-15,3834.77,228
21,2025-05-14,3358.61,140
21,2025-05-13,3116.9,245
21,2025-05-12,3041.25,188
21,2025-05-11,3152.04,214
21,2025-05-10,3379.52,195
21,2025-05-09,3554.68,154
21,2025-05-08,3676.67,207
21,2025-05-07,3172.03,254
21,2025-05-06,3248.92,206
21,2025-05-05,2986.22,121
21,2025-05-04,3104.79,159
21,2025-05-03,3003.44,139
21,2025-05-02,3704.86,221
21,2025-05-01,3683.81,157
21,2025-04-30,3394.4,182
21,2025-04-29,3364.87,164
21,2025-04-28,2938.88,204
21,2025-04-27,3163.65,166
21,2025-04-26,3139.81,153
21,2025-04-25,3363.31,196
21,2025-04-24,3775.37,149
21,2025-04-23,3440.18,155
21,2025-04-22,3136.19,188
21,2025-04-21,2922.07,220
21,2025-04-20,3035.76,158
21,2025-04-19,3204.96,96
22,2025-08-16,2539.87,186
22,2025-08-15,2582.89,232
22,2025-08-14,2835.0,173
22,2025-08-13,2712.38,153
22,2025-08-12,2263.64,175
22,2025-08-11,1881.89,151
22,2025-08-10,2135.24,135
22,2025-08-09,2429.17,213
22,2025-08-08,2596.43,165
22,2025-08-07,2706.48,168
22,2025-08-06,2352.79,204
22,2025-08-05,2214.14,209
22,2025-08-04,2182.1,156
22,2025-08-03,2165.47,197
22,2025-08-02,2411.0,143
22,2025-08-01,2680.24,178
22,2025-07-31,2748.63,171
22,2025-07-30,2866.16,186
22,2025-07-29,2205.23,263
22,2025-07-28,2372.35,152
22,2025-07-27,2261.26,185
22,2025-07-26,2612.55,182
22,2025-07-25,2699.76,187
22,2025-07-24,2659.27,170
22,2025-07-23,2538.87,158
22,2025-07-22,2297.04,151
22,2025-07-21,2243.04,145
22,2025-07-20,2344.42,160
22,2025-07-19,2280.18,189
22,2025-07-18,2569.73,229
22,2025-07-17,2634.0,131
22,2025-07-16,2654.64,209
22,2025-07-15,2415.07,148
22,2025-07-14,2224.51,188
22,2025-07-13,2322.25,156
22,2025-07-12,2318.0,144
22,2025-07-11,2486.7,195
22,2025-07-10,2685.08,197
22,2025-07-09,2624.29,190
22,2025-07-08,2236.21,197
22,2025-07-07,2088.71,178
22,2025-07-06,2486.66,183
22,2025-07-05,2462.23,197
22,2025-07-04,2599.25,167
22,2025-07-03,2447.43,209
22,2025-07-02,2705.2,163
22,2025-07-01,2355.65,155
22,2025-06-30,2140.04,168
22,2025-06-29,2398.87,231
22,2025-06-28,2283.54,182
22,2025-06-27,2846.47,127
22,2025-06-26,2889.1,208
22,2025-06-25,2611.04,181
22,2025-06-24,2177.16,231
22,2025-06-23,2318.47,225
22,2025-06-22,2292.04,189
22,2025-06-21,2470.21,153
22,2025-06-20,2771.98,233
22,2025-06-19,2851.76,133
22,2025-06-18,2676.37,136
22,2025-06-17,2402.21,169
22,2025-06-16,2226.07,138
22,2025-06-15,2245.24,197
22,2025-06-14,2391.35,188
22,2025-06-13,2645.36,213
22,2025-06-12,2883.15,144
22,2025-06-11,2584.81,200
22,2025-06-10,2307.17,189
22,2025-06-09,2294.42,185
22,2025-06-08,1880.72,196
22,2025-06-07,2338.12,103
22,2025-06-06,2585.4,192
22,2025-06-05,2737.76,188
22,2025-06-04,2490.91,143
22,2025-06-03,2252.16,169
22,2025-06-02,2126.19,187
22,2025-06-01,2286.75,202
22,2025-05-31,2435.7,194
22,2025-05-30,2744.89,171
22,2025-05-29,2721.2,199
22,2025-05-28,2559.14,114
22,2025-05-27,2485.69,190
22,2025-05-26,2204.66,171
22,2025-05-25,2160.99,183
22,2025-05-24,2740.12,155
22,2025-05-23,2689.15,177
22,2025-05-22,2718.78,186
22,2025-05-21,2632.92,171
22,2025-05-20,2191.29,190
22,2025-05-19,2063.32,236
22,2025-05-18,2467.95,178
22,2025-05-17,2567.52,188
22,2025-05-16,2630.3,176
22,2025-05-15,2588.49,218
22,2025-05-14,2806.62,229
22,2025-05-13,2278.47,193
22,2025-05-12,2334.81,207
22,2025-05-11,2416.77,160
22,2025-05-10,2501.6,206
22,2025-05-09,2483.1,196
22,2025-05-08,2669.59,187
22,2025-05-07,2616.01,212
22,2025-05-06,2246.81,191
22,2025-05-05,2232.02,171
22,2025-05-04,2381.02,216
22,2025-05-03,2678.08,112
22,2025-05-02,2534.41,168
22,2025-05-01,2690.94,166
22,2025-04-30,2787.41,162
22,2025-04-29,2342.62,165
22,2025-04-28,2275.37,162
22,2025-04-27,2296.93,186
22,2025-04-26,2419.39,159
22,2025-04-25,2726.72,179
22,2025-04-24,2840.07,184
22,2025-04-23,2553.43,178
22,2025-04-22,2234.58,110
22,2025-04-21,2091.17,224
22,2025-04-20,2390.5,178
22,2025-04-19,2349.92,225
23,2025-08-16,3189.72,153
23,2025-08-15,3376.45,148
23,2025-08-14,3345.5,188
23,2025-08-13,3137.92,159
23,2025-08-12,2862.45,142
23,2025-08-11,2762.4,246
23,2025-08-10,2867.36,191
23,2025-08-09,3022.23,167
23,2025-08-08,3243.68,128
23,2025-08-07,3370.83,186
23,2025-08-06,3127.81,189
23,2025-08-05,2822.57,166
23,2025-08-04,2768.14,118
23,2025-08-03,2819.25,205
23,2025-08-02,3012.41,126
23,2025-08-01,3331.18,194
23,2025-07-31,3130.39,170
23,2025-07-30,3097.04,199
23,2025-07-29,2940.94,216
23,2025-07-28,2949.53,98
23,2025-07-27,2824.31,194
23,2025-07-26,3042.78,159
23,2025-07-25,3142.69,187
23,2025-07-24,3395.04,154
23,2025-07-23,3125.46,168
23,2025-07-22,2886.38,228
23,2025-07-21,2904.52,156
23,2025-07-20,2752.23,170
23,2025-07-19,3198.33,150
23,2025-07-18,3216.31,176
23,2025-07-17,3294.28,179
23,2025-07-16,3195.02,182
23,2025-07-15,2884.08,122
23,2025-07-14,2997.87,172
23,2025-07-13,2911.07,197
23,2025-07-12,3069.76,189
23,2025-07-11,3195.59,198
23,2025-07-10,3401.51,209
23,2025-07-09,3253.64,216
23,2025-07-08,3094.15,167
23,2025-07-07,2710.28,212
23,2025-07-06,2923.61,155
23,2025-07-05,3189.8,161
23,2025-07-04,3281.73,222
23,2025-07-03,3271.64,174
23,2025-07-02,3122.58,189
23,2025-07-01,2878.36,279
23,2025-06-30,2657.48,169
23,2025-06-29,2706.0,160
23,2025-06-28,3143.51,189
23,2025-06-27,3317.84,153
23,2025-06-26,3410.57,127
23,2025-06-25,3130.79,136
23,2025-06-24,2808.95,191
23,2025-06-23,2786.96,242
23,2025-06-22,2952.75,210
23,2025-06-21,3075.29,179
23,2025-06-20,3181.44,206
23,2025-06-19,3244.36,228
23,2025-06-18,3046.78,142
23,2025-06-17,2966.99,157
23,2025-06-16,2661.78,182
23,2025-06-15,2831.89,240
23,2025-06-14,3031.58,178
23,2025-06-13,3192.72,131
23,2025-06-12,3366.13,158
23,2025-06-11,3131.79,211
23,2025-06-10,2943.99,185
23,2025-06-09,2712.58,169
23,2025-06-08,2944.5,147
23,2025-06-07,2981.58,191
23,2025-06-06,3429.38,169
23,2025-06-05,3349.89,210
23,2025-06-04,3029.23,170
23,2025-06-03,2937.2,162
23,2025-06-02,2759.76,225
23,2025-06-01,2867.79,193
23,2025-05-31,3005.75,159
23,2025-05-30,3435.6,181
23,2025-05-29,3409.43,182
23,2025-05-28,3291.97,216
23,2025-05-27,2662.29,175
23,2025-05-26,2618.09,165
23,2025-05-25,2830.61,216
23,2025-05-24,3119.43,140
23,2025-05-23,3192.85,152
23,2025-05-22,3299.46,219
23,2025-05-21,3080.12,165
23,2025-05-20,2629.26,193
23,2025-05-19,2793.72,177
23,2025-05-18,2956.45,179
23,2025-05-17,2777.74,195
23,2025-05-16,3331.45,180
23,2025-05-15,3372.46,170
23,2025-05-14,3032.5,138
23,2025-05-13,2945.66,187
23,2025-05-12,2615.25,168
23,2025-05-11,2831.44,161
23,2025-05-10,3197.23,217
23,2025-05-09,3258.87,156
23,2025-05-08,3431.22,155
23,2025-05-07,3139.37,198
23,2025-05-06,2883.28,161
23,2025-05-05,2841.48,179
23,2025-05-04,2438.26,121
23,2025-05-03,3026.62,160
23,2025-05-02,3300.67,212
23,2025-05-01,3517.1,247
23,2025-04-30,3211.59,174
23,2025-04-29,2747.79,176
23,2025-04-28,2579.09,191
23,2025-04-27,2644.17,198
23,2025-04-26,3311.92,188
23,2025-04-25,3350.11,193
23,2025-04-24,3312.96,202
23,2025-04-23,3229.34,231
23,2025-04-22,2759.14,151
23,2025-04-21,2867.08,130
23,2025-04-20,2979.33,207
23,2025-04-19,2971.11,148
24,2025-08-16,3420.78,143
24,2025-08-15,3766.11,160
24,2025-08-14,3781.63,157
24,2025-08-13,3733.64,180
24,2025-08-12,3321.6,197
24,2025-08-11,3072.73,222
24,2025-08-10,3243.21,261
24,2025-08-09,3609.76,217
24,2025-08-08,3829.86,183
24,2025-08-07,3735.15,218
24,2025-08-06,3667.85,106
24,2025-08-05,3382.6,188
24,2025-08-04,2966.39,182
24,2025-08-03,3146.73,181
24,2025-08-02,3469.85,210
24,2025-08-01,3794.13,145
24,2025-07-31,3763.59,183
24,2025-07-30,3495.55,219
24,2025-07-29,3369.9,153
24,2025-07-28,3231.82,169
24,2025-07-27,3310.45,222
24,2025-07-26,3372.67,163
24,2025-07-25,3599.09,149
24,2025-07-24,4016.6,184
24,2025-07-23,3476.89,206
24,2025-07-22,3362.63,129
24,2025-07-21,3098.51,169
24,2025-07-20,3155.01,202
24,2025-07-19,3513.15,154
24,2025-07-18,3713.89,185
24,2025-07-17,3383.99,220
24,2025-07-16,3578.93,193
24,2025-07-15,3229.29,224
24,2025-07-14,3224.89,108
24,2025-07-13,3179.79,105
24,2025-07-12,3269.45,199
24,2025-07-11,3808.93,153
24,2025-07-10,3740.85,155
24,2025-07-09,3565.07,165
24,2025-07-08,3206.83,171
24,2025-07-07,3225.05,198
24,2025-07-06,3094.24,144
24,2025-07-05,3478.73,189
24,2025-07-04,3783.54,227
24,2025-07-03,3743.92,190
24,2025-07-02,3827.87,220
24,2025-07-01,3208.93,191
24,2025-06-30,2950.14,211
24,2025-06-29,3114.12,175
24,2025-06-28,3309.87,202
24,2025-06-27,3622.59,195
24,2025-06-26,3672.14,199
24,2025-06-25,3560.06,149
24,2025-06-24,3323.96,185
24,2025-06-23,2861.05,164
24,2025-06-22,3170.58,181
24,2025-06-21,3528.6,140
24,2025-06-20,3830.2,204
24,2025-06-19,3603.46,153
24,2025-06-18,3560.18,201
24,2025-06-17,3310.49,169
24,2025-06-16,3152.42,223
24,2025-06-15,3073.14,180
24,2025-06-14,3306.33,182
24,2025-06-13,3613.78,143
24,2025-06-12,4121.63,171
24,2025-06-11,3540.56,172
24,2025-06-10,3379.34,159
24,2025-06-09,3070.02,166
24,2025-06-08,3275.73,197
24,2025-06-07,3660.56,168
24,2025-06-06,3635.53,171
24,2025-06-05,3749.51,166
24,2025-06-04,3515.83,203
24,2025-06-03,3153.74,183
24,2025-06-02,3342.07,164
24,2025-06-01,3238.59,175
24,2025-05-31,3656.74,155
24,2025-05-30,3966.96,169
24,2025-05-29,3927.15,167
24,2025-05-28,3600.17,157
24,2025-05-27,3357.88,161
24,2025-05-26,3023.06,224
24,2025-05-25,3368.17,182
24,2025-05-24,3602.29,167
24,2025-05-23,3839.03,129
24,2025-05-22,3725.29,161
24,2025-05-21,3629.46,169
24,2025-05-20,3147.18,251
24,2025-05-19,3001.48,185
24,2025-05-18,3137.63,178
24,2025-05-17,3360.82,202
24,2025-05-16,3766.59,170
24,2025-05-15,3837.52,152
24,2025-05-14,3709.97,167
24,2025-05-13,3113.28,211
24,2025-05-12,3293.83,226
24,2025-05-11,3214.39,183
24,2025-05-10,3611.1,155
24,2025-05-09,3604.23,158
24,2025-05-08,3762.64,210
24,2025-05-07,3552.32,155
24,2025-05-06,3288.98,183
24,2025-05-05,3006.92,142
24,2025-05-04,3136.84,188
24,2025-05-03,3592.37,184
24,2025-05-02,3740.36,194
24,2025-05-01,3745.85,187
24,2025-04-30,3594.43,206
24,2025-04-29,3190.78,121
24,2025-04-28,3084.29,142
24,2025-04-27,3187.66,151
24,2025-04-26,3235.37,140
24,2025-04-25,3624.78,188
24,2025-04-24,3884.74,176
24,2025-04-23,3557.98,184
24,2025-04-22,3309.29,236
24,2025-04-21,2905.32,167
24,2025-04-20,3160.79,165
24,2025-04-19,3476.9,207
25,2025-08-16,3028.83,145
25,2025-08-15,3181.71,177
25,2025-08-14,3325.58,137
25,2025-08-13,3184.69,201
25,2025-08-12,2798.54,135
25,2025-08-11,2793.87,150
25,2025-08-10,2642.72,144
25,2025-08-09,3027.48,182
25,2025-08-08,2965.56,206
25,2025-08-07,3550.15,168
25,2025-08-06,3243.39,139
25,2025-08-05,2783.25,133
25,2025-08-04,2869.44,205
25,2025-08-03,2715.99,178
25,2025-08-02,2869.98,193
25,2025-08-01,3392.47,164
25,2025-07-31,3412.8,185
25,2025-07-30,3094.03,229
25,2025-07-29,2899.58,182
25,2025-07-28,2619.74,150
25,2025-07-27,2932.2,130
25,2025-07-26,2782.37,157
25,2025-07-25,3417.6,178
25,2025-07-24,3350.48,191
25,2025-07-23,3558.64,197
25,2025-07-22,2842.97,188
25,2025-07-21,2675.62,136
25,2025-07-20,2754.74,193
25,2025-07-19,3219.0,175
25,2025-07-18,3253.43,154
25,2025-07-17,3503.34,153
25,2025-07-16,3260.2,192
25,2025-07-15,3006.99,167
25,2025-07-14,2697.3,174
25,2025-07-13,2862.67,208
25,2025-07-12,3226.2,168
25,2025-07-11,3347.61,156
25,2025-07-10,3390.61,154
25,2025-07-09,3420.47,186
25,2025-07-08,2801.29,159
25,2025-07-07,2565.93,184
25,2025-07-06,2812.11,163
25,2025-07-05,2985.68,218
25,2025-07-04,3112.59,161
25,2025-07-03,3133.58,176
25,2025-07-02,3168.81,214
25,2025-07-01,3139.92,167
25,2025-06-30,2832.88,149
25,2025-06-29,2900.68,161
25,2025-06-28,3092.11,202
25,2025-06-27,3384.37,159
25,2025-06-26,3276.51,214
25,2025-06-25,3267.48,119
25,2025-06-24,2776.96,207
25,2025-06-23,2771.07,215
25,2025-06-22,2988.58,204
25,2025-06-21,3143.8,156
25,2025-06-20,3296.73,170
25,2025-06-19,3447.18,218
25,2025-06-18,3190.15,206
25,2025-06-17,3143.58,151
25,2025-06-16,2729.55,199
25,2025-06-15,2633.99,162
25,2025-06-14,2915.26,164
25,2025-06-13,3315.33,193
25,2025-06-12,3115.06,173
25,2025-06-11,3394.6,176
25,2025-06-10,2894.2,189
25,2025-06-09,2988.46,203
25,2025-06-08,3030.43,201
25,2025-06-07,3030.31,189
25,2025-06-06,3372.44,144
25,2025-06-05,3264.89,192
25,2025-06-04,3378.03,152
25,2025-06-03,2929.14,173
25,2025-06-02,3004.55,173
25,2025-06-01,2756.61,156
25,2025-05-31,3175.32,199
25,2025-05-30,3376.81,147
25,2025-05-29,3244.08,172
25,2025-05-28,3378.99,134
25,2025-05-27,3057.98,160
25,2025-05-26,2799.1,230
25,2025-05-25,2884.21,161
25,2025-05-24,3118.91,176
25,2025-05-23,3314.12,194
25,2025-05-22,3232.32,209
25,2025-05-21,3205.09,131
25,2025-05-20,2985.89,138
25,2025-05-19,2881.49,193
25,2025-05-18,2817.89,155
25,2025-05-17,3215.41,194
25,2025-05-16,3048.7,187
25,2025-05-15,3306.15,199
25,2025-05-14,3139.24,244
25,2025-05-13,2924.61,181
25,2025-05-12,2626.01,116
25,2025-05-11,2856.26,145
25,2025-05-10,2937.98,222
25,2025-05-09,3169.69,154
25,2025-05-08,3184.13,193
25,2025-05-07,3333.66,187
25,2025-05-06,2804.46,215
25,2025-05-05,3048.78,151
25,2025-05-04,2646.3,238
25,2025-05-03,3142.67,206
25,2025-05-02,3407.83,195
25,2025-05-01,3568.91,205
25,2025-04-30,3350.94,158
25,2025-04-29,2933.18,157
25,2025-04-28,2738.59,229
25,2025-04-27,2981.49,197
25,2025-04-26,3104.54,164
25,2025-04-25,3372.03,208
25,2025-04-24,3461.32,236
25,2025-04-23,3340.57,202
25,2025-04-22,2721.18,180
25,2025-04-21,2819.87,132
25,2025-04-20,2715.33,219
25,2025-04-19,2969.12,117
