customer_id,age,tenure_months,province,risk_score,join_date
1,78,87,YT,588,2018-06-01
2,41,95,NB,771,2017-10-22
3,47,92,NS,613,2017-12-30
4,75,93,NT,557,2017-12-18
5,76,97,BC,676,2017-08-24
6,32,93,ON,590,2017-12-24
7,72,79,ON,581,2019-01-23
8,24,90,QC,628,2018-03-02
9,77,93,NT,675,2017-12-16
10,53,90,NB,515,2018-03-03
11,71,87,YT,543,2018-06-15
12,61,95,NT,615,2017-10-13
13,79,86,NL,613,2018-07-21
14,70,94,NB,473,2017-11-06
15,58,88,PE,606,2018-05-25
16,26,94,MB,558,2017-11-21
17,28,93,NS,648,2017-12-08
18,22,86,NS,527,2018-06-29
19,29,89,NB,647,2018-04-09
20,54,92,ON,585,2017-12-30
21,82,85,ON,708,2018-08-07
22,22,88,NL,593,2018-04-30
23,26,79,PE,627,2019-02-01
24,68,93,NS,626,2017-12-15
25,21,90,NL,576,2018-03-19
26,60,91,ON,628,2018-02-01
27,59,78,NT,665,2019-03-12
28,45,87,YT,692,2018-06-02
29,79,92,NT,488,2018-01-07
30,20,91,NL,570,2018-01-27
31,54,90,MB,581,2018-03-06
32,76,94,ON,673,2017-10-30
33,79,89,SK,438,2018-04-10
34,73,90,PE,466,2018-03-03
35,71,90,BC,565,2018-03-22
36,19,91,NU,580,2018-02-21
37,72,97,NS,718,2017-08-26
38,41,93,NU,661,2017-11-28
39,33,88,NU,598,2018-05-05
40,20,92,QC,673,2017-12-28
41,84,77,NT,669,2019-04-07
42,50,93,MB,687,2017-12-23
43,28,88,AB,402,2018-05-18
44,59,93,BC,574,2017-11-27
45,77,85,QC,501,2018-08-07
46,26,90,ON,640,2018-03-15
47,37,84,NU,514,2018-09-11
48,53,89,AB,627,2018-04-16
49,42,89,NB,667,2018-04-12
50,58,75,NB,637,2019-05-30
51,25,95,MB,597,2017-10-13
52,76,88,NB,675,2018-05-18
53,55,95,AB,538,2017-10-10
54,44,90,AB,633,2018-03-04
55,81,90,PE,716,2018-03-08
56,21,92,BC,640,2018-01-12
57,47,90,NU,589,2018-03-12
58,77,91,NS,659,2018-02-15
59,50,92,NT,662,2018-01-02
60,71,94,SK,558,2017-11-14
61,49,86,NL,741,2018-06-28
62,19,95,NB,711,2017-10-26
63,65,85,MB,564,2018-08-23
64,67,96,NB,637,2017-09-17
65,82,87,NL,850,2018-06-04
66,32,91,BC,545,2018-02-09
67,68,93,YT,581,2017-11-28
68,75,70,PE,450,2019-11-11
69,32,92,AB,647,2018-01-07
70,70,94,PE,573,2017-11-17
71,64,82,ON,587,2018-11-13
72,47,93,NT,633,2017-11-29
73,75,91,NB,561,2018-02-17
74,18,93,NS,732,2017-11-28
75,18,95,YT,572,2017-09-30
76,43,72,ON,682,2019-08-29
77,64,81,NU,543,2018-11-28
78,65,91,BC,749,2018-01-30
79,40,93,NB,687,2017-12-22
80,36,92,ON,641,2018-01-18
81,21,82,NB,600,2018-10-31
82,49,87,MB,611,2018-06-15
83,50,90,BC,652,2018-03-24
84,50,96,SK,508,2017-09-11
85,29,87,YT,622,2018-06-20
86,25,93,AB,724,2017-12-14
87,24,94,QC,628,2017-11-09
88,46,93,AB,592,2017-12-06
89,53,92,AB,644,2017-12-27
90,66,93,ON,550,2017-12-04
91,41,88,YT,614,2018-05-10
92,72,83,BC,666,2018-10-08
93,34,85,NT,573,2018-08-07
94,30,55,YT,580,2021-01-15
95,36,85,YT,578,2018-08-16
96,69,93,NB,752,2017-12-15
97,29,83,PE,696,2018-10-06
98,40,95,YT,572,2017-10-22
99,75,89,QC,606,2018-04-16
100,35,93,NL,607,2017-12-08
101,63,90,NT,565,2018-03-19
102,83,89,ON,692,2018-04-08
103,62,92,QC,546,2017-12-30
104,78,80,SK,718,2018-12-24
105,36,94,MB,598,2017-11-18
106,75,94,BC,668,2017-11-07
107,56,85,YT,641,2018-07-28
108,80,79,NT,532,2019-02-12
109,23,90,NL,448,2018-02-27
110,53,87,ON,637,2018-06-21
111,66,90,YT,565,2018-03-14
112,20,75,AB,591,2019-05-28
113,25,84,NU,637,2018-09-14
114,77,94,NU,539,2017-11-04
115,81,89,NS,560,2018-03-30
116,46,90,ON,590,2018-02-26
117,42,86,NS,656,2018-07-02
118,22,91,NU,594,2018-02-14
119,66,92,AB,709,2018-01-24
120,76,93,MB,622,2017-12-08
121,18,89,BC,627,2018-04-21
122,20,75,NB,721,2019-06-15
123,34,88,ON,540,2018-04-27
124,62,93,PE,490,2017-12-11
125,49,87,NT,599,2018-06-08
126,20,92,AB,694,2018-01-05
127,22,90,ON,554,2018-03-16
128,31,67,YT,522,2020-02-11
129,55,86,SK,728,2018-07-10
130,68,81,MB,578,2018-11-30
131,47,86,YT,678,2018-07-17
132,21,88,SK,696,2018-04-30
133,51,91,QC,478,2018-02-12
134,60,82,BC,590,2018-11-12
135,72,91,QC,458,2018-02-22
136,21,79,ON,558,2019-02-02
137,84,94,NT,637,2017-11-02
138,68,90,NL,534,2018-03-08
139,18,93,NL,428,2017-12-21
140,66,87,BC,757,2018-06-04
141,64,90,NT,544,2018-03-11
142,80,89,PE,614,2018-04-10
143,73,90,MB,789,2018-03-11
144,19,92,PE,668,2018-01-20
145,35,94,MB,721,2017-11-08
146,45,97,AB,548,2017-08-27
147,34,94,ON,572,2017-10-31
148,35,96,QC,606,2017-09-05
149,25,94,NL,718,2017-11-20
150,23,74,SK,618,2019-07-11
151,76,85,NB,602,2018-08-13
152,39,90,NU,550,2018-03-26
153,79,95,NS,533,2017-10-18
154,20,93,NB,399,2017-12-22
155,23,86,QC,631,2018-07-09
156,23,91,YT,599,2018-02-21
157,79,88,QC,607,2018-05-23
158,68,86,NU,565,2018-07-24
159,36,87,YT,651,2018-05-31
160,18,94,MB,478,2017-11-24
161,28,85,PE,584,2018-08-03
162,23,87,NB,531,2018-05-28
163,61,92,MB,650,2018-01-11
164,80,94,MB,688,2017-11-06
165,41,85,PE,703,2018-07-28
166,79,88,SK,555,2018-05-25
167,26,79,NL,559,2019-02-04
168,81,95,BC,693,2017-10-19
169,31,89,NL,641,2018-04-17
170,43,87,NS,578,2018-05-28
171,35,87,YT,579,2018-06-23
172,68,81,NT,656,2018-12-07
173,42,71,NB,503,2019-10-01
174,70,96,YT,618,2017-09-26
175,23,85,NL,697,2018-07-28
176,32,94,NU,598,2017-11-18
177,44,83,BC,561,2018-10-03
178,44,88,NU,720,2018-05-14
179,55,88,YT,420,2018-05-13
180,69,86,AB,702,2018-07-08
181,64,92,NB,713,2018-01-03
182,53,92,BC,469,2017-12-31
183,28,89,MB,591,2018-04-21
184,40,88,QC,652,2018-04-29
185,30,90,SK,669,2018-02-25
186,22,94,NS,617,2017-11-13
187,48,88,NT,492,2018-05-21
188,57,75,NT,573,2019-06-06
189,53,92,BC,604,2017-12-31
190,38,83,NL,711,2018-10-13
191,74,93,NU,668,2017-12-06
192,34,95,QC,496,2017-10-16
193,71,92,NL,606,2018-01-03
194,50,90,NB,494,2018-03-04
195,45,83,YT,452,2018-10-10
196,66,90,BC,481,2018-03-18
197,66,83,YT,614,2018-10-17
198,68,94,NL,510,2017-11-02
199,46,89,PE,588,2018-04-07
200,36,95,ON,717,2017-10-06
201,55,80,QC,387,2019-01-01
202,72,92,AB,619,2018-01-14
203,51,91,NU,642,2018-02-11
204,67,92,QC,594,2018-01-14
205,84,91,NL,681,2018-01-27
206,71,86,NU,509,2018-07-17
207,25,85,NL,449,2018-08-07
208,63,91,NS,570,2018-01-30
209,31,92,PE,692,2018-01-14
210,24,87,AB,575,2018-06-20
211,36,86,SK,637,2018-07-10
212,64,96,NS,741,2017-09-23
213,84,95,NB,691,2017-10-03
214,55,95,AB,648,2017-09-29
215,41,93,NU,700,2017-12-13
216,31,89,BC,521,2018-04-01
217,39,85,ON,684,2018-08-20
218,35,95,NS,608,2017-10-16
219,51,81,ON,610,2018-12-20
220,44,74,PE,657,2019-07-18
221,27,78,NB,725,2019-03-11
222,63,91,NB,664,2018-02-10
223,43,92,NT,615,2018-01-15
224,71,85,SK,590,2018-08-09
225,50,92,NB,623,2018-01-21
226,79,96,NU,561,2017-09-21
227,57,70,NL,597,2019-11-05
228,59,76,NU,536,2019-04-28
229,61,91,QC,575,2018-02-22
230,66,93,QC,494,2017-12-10
231,25,91,YT,702,2018-01-31
232,42,86,SK,621,2018-07-10
233,43,86,NL,665,2018-07-20
234,24,89,QC,635,2018-03-27
235,56,91,BC,708,2018-02-02
236,62,95,NL,713,2017-10-17
237,72,89,PE,561,2018-04-11
238,21,80,MB,447,2019-01-17
239,33,93,ON,683,2017-12-11
240,59,84,NL,584,2018-09-22
241,56,92,NU,505,2018-01-04
242,27,66,NT,547,2020-03-07
243,82,91,NT,546,2018-01-26
244,47,92,ON,577,2018-01-06
245,65,88,NT,659,2018-05-24
246,29,96,BC,503,2017-09-12
247,80,87,MB,477,2018-06-14
248,42,90,YT,653,2018-02-26
249,80,91,YT,604,2018-02-19
250,74,86,AB,559,2018-06-25
251,23,93,SK,555,2017-12-14
252,26,87,NL,695,2018-06-04
253,79,92,SK,506,2018-01-12
254,31,71,NB,546,2019-10-11
255,46,91,ON,690,2018-02-14
256,22,89,ON,626,2018-04-22
257,55,94,NB,677,2017-11-15
258,54,85,AB,523,2018-08-23
259,57,86,NS,515,2018-07-12
260,84,90,PE,682,2018-03-12
261,50,81,NL,509,2018-12-14
262,76,89,ON,624,2018-04-14
263,70,88,PE,657,2018-05-14
264,24,84,ON,722,2018-09-22
265,49,83,NS,592,2018-09-30
266,19,82,NB,534,2018-11-12
267,30,90,NT,702,2018-03-10
268,77,89,YT,603,2018-04-06
269,80,92,NS,546,2018-01-10
270,39,95,ON,568,2017-10-23
271,81,89,NB,632,2018-04-03
272,82,92,NS,613,2018-01-13
273,69,93,AB,752,2017-12-18
274,43,78,NB,594,2019-02-22
275,30,91,NL,502,2018-02-17
276,49,90,ON,693,2018-03-20
277,44,89,BC,554,2018-04-15
278,55,96,YT,554,2017-09-15
279,42,93,SK,546,2017-12-04
280,44,87,ON,737,2018-06-02
281,63,88,NL,636,2018-05-02
282,61,92,QC,601,2018-01-12
283,34,81,NT,639,2018-11-23
284,65,95,PE,648,2017-10-07
285,19,93,PE,598,2017-12-01
286,38,93,SK,679,2017-12-12
287,55,91,ON,544,2018-02-08
288,58,83,NU,512,2018-09-26
289,34,90,SK,554,2018-03-02
290,71,89,NU,527,2018-04-01
291,49,79,MB,670,2019-02-04
292,43,83,ON,607,2018-09-26
293,63,94,NB,577,2017-11-07
294,61,84,NB,644,2018-08-31
295,23,89,YT,536,2018-04-20
296,58,77,MB,710,2019-04-06
297,79,86,AB,631,2018-07-12
298,21,87,MB,704,2018-06-05
299,58,81,MB,637,2018-12-21
300,29,91,SK,502,2018-02-01
301,36,93,NT,561,2017-12-11
302,68,87,NS,554,2018-06-06
303,76,95,YT,695,2017-10-14
304,71,94,YT,645,2017-10-28
305,78,83,YT,591,2018-10-13
306,37,88,NB,682,2018-05-10
307,53,58,NS,627,2020-10-30
308,51,91,MB,570,2018-02-21
309,75,87,NT,690,2018-06-22
310,43,79,AB,710,2019-01-27
311,61,87,NU,620,2018-05-31
312,55,89,NB,414,2018-04-12
313,31,96,ON,595,2017-09-24
314,34,96,ON,618,2017-09-02
315,22,88,ON,593,2018-05-08
316,62,83,NL,543,2018-10-17
317,31,93,SK,539,2017-11-29
318,18,93,QC,443,2017-12-17
319,45,95,MB,574,2017-10-18
320,61,73,QC,687,2019-08-13
321,78,91,BC,574,2018-02-10
322,18,92,SK,589,2018-01-02
323,50,94,ON,552,2017-11-04
324,70,90,NB,757,2018-03-07
325,67,91,SK,605,2018-02-02
326,60,88,NU,767,2018-05-13
327,62,91,NL,541,2018-02-13
328,25,87,NB,563,2018-06-02
329,64,93,NS,669,2017-12-17
330,47,87,YT,792,2018-06-01
331,63,90,NL,614,2018-02-25
332,31,86,NS,730,2018-07-24
333,83,95,NB,594,2017-10-26
334,48,88,NU,645,2018-04-30
335,21,88,ON,683,2018-05-05
336,40,87,QC,703,2018-06-15
337,71,91,MB,492,2018-01-27
338,32,82,SK,529,2018-11-01
339,66,79,SK,427,2019-02-18
340,28,76,ON,731,2019-04-28
341,63,84,MB,850,2018-09-22
342,83,90,NS,563,2018-03-11
343,29,90,QC,607,2018-03-02
344,32,95,MB,681,2017-10-24
345,60,96,NS,579,2017-09-03
346,32,88,MB,592,2018-05-12
347,69,95,BC,641,2017-10-08
348,25,89,NU,673,2018-04-08
349,66,95,NU,515,2017-09-29
350,56,90,SK,747,2018-03-15
351,59,89,BC,534,2018-04-11
352,61,91,MB,610,2018-02-11
353,39,92,NT,603,2018-01-05
354,26,90,NT,515,2018-03-12
355,59,87,NU,577,2018-05-28
356,54,86,NL,685,2018-07-24
357,56,94,YT,546,2017-11-15
358,72,89,NT,504,2018-04-21
359,50,88,SK,585,2018-04-26
360,32,91,QC,543,2018-02-14
361,74,93,ON,625,2017-12-12
362,35,90,BC,485,2018-03-05
363,41,96,ON,645,2017-09-12
364,53,78,NS,553,2019-03-14
365,58,94,PE,518,2017-11-06
366,77,73,NT,550,2019-08-14
367,67,86,NL,512,2018-07-13
368,19,86,NS,733,2018-07-20
369,25,88,NT,534,2018-05-17
370,48,89,AB,545,2018-04-01
371,47,87,NS,726,2018-06-06
372,29,92,NS,598,2018-01-21
373,40,88,PE,512,2018-05-10
374,82,92,SK,606,2018-01-19
375,49,82,NL,610,2018-11-17
376,31,91,NL,576,2018-02-11
377,19,92,QC,606,2018-01-08
378,69,86,NS,615,2018-07-14
379,23,91,NL,599,2018-02-19
380,29,85,NB,564,2018-08-13
381,47,82,QC,543,2018-11-01
382,31,88,NB,586,2018-05-20
383,19,93,PE,656,2017-11-30
384,71,90,NB,672,2018-03-25
385,71,96,YT,558,2017-09-27
386,23,84,ON,570,2018-09-03
387,42,94,MB,591,2017-11-08
388,30,91,NB,658,2018-02-23
389,60,92,PE,722,2018-01-01
390,22,82,ON,582,2018-11-15
391,28,79,PE,651,2019-01-31
392,26,80,PE,550,2018-12-28
393,21,92,NS,498,2018-01-21
394,69,86,PE,639,2018-06-27
395,67,94,NB,490,2017-11-05
396,31,91,MB,567,2018-02-01
397,72,95,YT,553,2017-10-25
398,38,97,PE,556,2017-08-25
399,82,88,PE,674,2018-05-12
400,70,92,NL,520,2017-12-28
401,80,90,AB,460,2018-03-01
402,51,90,BC,693,2018-03-05
403,69,94,ON,575,2017-11-19
404,81,83,YT,546,2018-09-26
405,77,83,NT,584,2018-09-30
406,77,92,AB,647,2018-01-11
407,25,87,ON,622,2018-06-03
408,77,85,BC,680,2018-08-04
409,61,91,MB,761,2018-02-14
410,60,89,QC,687,2018-03-27
411,34,87,YT,492,2018-06-17
412,32,94,YT,513,2017-11-10
413,25,96,BC,679,2017-09-18
414,83,93,SK,531,2017-11-30
415,79,94,AB,575,2017-11-18
416,19,86,NU,716,2018-07-10
417,49,76,NB,514,2019-05-08
418,34,88,NS,516,2018-05-06
419,39,96,SK,625,2017-09-10
420,68,91,PE,624,2018-02-09
421,49,85,PE,659,2018-08-07
422,64,92,NB,667,2018-01-14
423,25,94,NB,629,2017-11-24
424,39,78,NL,631,2019-03-05
425,40,93,ON,639,2017-12-11
426,78,86,NL,652,2018-07-18
427,40,80,BC,660,2019-01-14
428,25,88,QC,579,2018-05-10
429,22,90,AB,571,2018-03-02
430,81,87,NB,553,2018-06-24
431,63,87,ON,504,2018-06-19
432,30,88,AB,731,2018-05-22
433,51,88,BC,625,2018-04-27
434,73,85,QC,689,2018-07-29
435,21,94,SK,600,2017-11-01
436,54,87,NL,627,2018-06-19
437,34,92,NT,567,2018-01-09
438,75,93,BC,804,2017-12-22
439,51,75,PE,750,2019-05-29
440,36,78,NU,724,2019-03-07
441,47,94,YT,599,2017-11-24
442,72,90,NL,704,2018-03-18
443,64,94,NS,662,2017-11-18
444,64,94,YT,748,2017-11-05
445,26,91,NL,523,2018-01-31
446,68,88,BC,603,2018-05-05
447,54,83,YT,584,2018-09-28
448,21,94,NB,607,2017-11-25
449,58,89,QC,628,2018-03-29
450,48,94,BC,595,2017-10-30
451,41,85,NB,591,2018-08-07
452,52,91,NB,670,2018-02-04
453,33,93,NT,575,2017-12-06
454,61,78,NL,613,2019-02-23
455,74,91,QC,494,2018-02-08
456,32,94,BC,605,2017-10-30
457,59,87,BC,638,2018-06-05
458,54,87,PE,511,2018-06-12
459,36,87,ON,624,2018-06-15
460,78,91,NT,541,2018-02-14
461,50,94,AB,518,2017-11-24
462,75,90,ON,715,2018-03-15
463,82,89,YT,512,2018-04-09
464,74,91,YT,564,2018-02-02
465,56,74,BC,543,2019-07-19
466,77,90,NL,605,2018-03-17
467,66,90,SK,548,2018-03-02
468,32,94,BC,625,2017-11-25
469,31,91,NS,576,2018-01-28
470,59,91,NB,541,2018-02-24
471,67,94,YT,599,2017-11-09
472,29,91,MB,529,2018-02-14
473,53,96,BC,616,2017-09-16
474,32,94,NS,510,2017-11-12
475,29,90,NS,668,2018-03-16
476,44,88,AB,510,2018-05-09
477,49,92,NU,567,2018-01-17
478,36,94,QC,633,2017-11-11
479,33,89,YT,619,2018-04-06
480,47,90,BC,624,2018-03-04
481,76,94,QC,634,2017-11-02
482,51,82,NT,807,2018-11-07
483,26,93,SK,499,2017-12-25
484,61,89,NL,705,2018-04-02
485,20,95,NT,686,2017-10-13
486,45,90,MB,683,2018-03-17
487,64,93,NL,567,2017-12-20
488,39,88,NS,502,2018-05-22
489,52,85,NB,649,2018-08-03
490,64,92,NB,545,2018-01-19
491,80,89,NT,579,2018-04-22
492,32,85,QC,569,2018-08-19
493,34,83,NL,494,2018-09-27
494,23,86,NS,653,2018-07-18
495,63,86,AB,751,2018-07-07
496,52,83,PE,590,2018-10-17
497,42,81,NL,569,2018-12-09
498,39,92,QC,594,2018-01-08
499,59,92,MB,660,2018-01-04
500,80,85,QC,639,2018-08-14
501,36,73,NS,675,2019-07-31
502,47,88,BC,747,2018-05-07
503,31,90,AB,553,2018-03-19
504,58,96,NU,662,2017-09-27
505,58,88,NS,671,2018-05-18
506,29,82,AB,609,2018-11-20
507,37,90,ON,692,2018-03-17
508,78,91,YT,478,2018-02-24
509,69,94,ON,591,2017-10-28
510,37,72,YT,510,2019-08-23
511,45,87,NB,695,2018-06-17
512,83,86,AB,546,2018-07-19
513,55,91,NU,460,2018-02-03
514,29,91,NL,585,2018-02-18
515,82,85,MB,616,2018-08-05
516,31,95,PE,392,2017-10-08
517,30,95,NT,660,2017-10-02
518,25,82,QC,609,2018-10-30
519,79,83,ON,553,2018-10-11
520,54,92,QC,590,2017-12-27
521,76,85,NU,553,2018-08-15
522,28,83,NU,601,2018-10-09
523,62,91,QC,552,2018-02-24
524,78,95,MB,451,2017-10-10
525,62,85,NS,722,2018-07-29
526,47,86,QC,633,2018-07-10
527,50,78,NT,671,2019-03-09
528,45,96,AB,542,2017-09-04
529,32,84,NU,609,2018-09-01
530,83,93,MB,720,2017-12-25
531,68,89,NU,673,2018-04-13
532,44,89,YT,660,2018-04-08
533,57,89,NT,734,2018-04-09
534,82,87,NU,673,2018-06-13
535,79,91,ON,538,2018-02-06
536,55,96,BC,658,2017-09-11
537,62,87,QC,667,2018-05-27
538,77,94,NU,512,2017-11-12
539,61,93,NT,493,2017-12-20
540,65,91,NB,664,2018-02-13
541,51,91,MB,572,2018-02-22
542,73,91,NS,502,2018-01-28
543,52,89,SK,430,2018-04-12
544,66,93,ON,583,2017-12-20
545,82,82,ON,608,2018-11-16
546,43,90,SK,633,2018-03-10
547,76,94,AB,571,2017-10-30
548,54,90,BC,505,2018-02-27
549,35,91,NU,618,2018-02-19
550,54,95,ON,481,2017-09-30
551,70,65,ON,455,2020-03-23
552,49,91,NS,698,2018-02-01
553,38,94,YT,644,2017-11-20
554,80,90,ON,639,2018-03-15
555,28,91,MB,511,2018-02-08
556,41,86,AB,547,2018-06-28
557,45,95,BC,639,2017-10-20
558,81,88,NB,660,2018-05-24
559,64,77,NU,724,2019-03-25
560,37,92,BC,622,2018-01-14
561,36,93,AB,597,2017-12-25
562,72,94,YT,602,2017-11-15
563,40,95,NL,532,2017-10-06
564,68,89,MB,406,2018-04-14
565,64,91,YT,676,2018-02-17
566,65,88,NL,719,2018-05-16
567,84,94,AB,536,2017-11-05
568,48,87,NS,364,2018-06-20
569,60,85,NB,663,2018-08-23
570,38,90,BC,686,2018-03-18
571,73,82,QC,557,2018-10-27
572,43,89,PE,557,2018-03-28
573,82,85,BC,696,2018-08-17
574,30,95,NS,664,2017-10-06
575,18,85,NB,628,2018-07-25
576,26,83,PE,523,2018-10-07
577,20,84,MB,687,2018-09-14
578,62,75,AB,602,2019-06-04
579,57,87,NT,589,2018-06-23
580,30,96,NU,511,2017-09-26
581,84,86,AB,666,2018-06-29
582,70,91,MB,613,2018-02-05
583,30,82,PE,467,2018-11-11
584,48,82,NL,600,2018-11-11
585,27,84,NB,617,2018-09-21
586,31,81,MB,474,2018-12-04
587,39,91,PE,519,2018-02-02
588,25,89,ON,597,2018-04-02
589,66,96,BC,549,2017-09-19
590,55,90,NS,615,2018-03-08
591,23,84,NT,666,2018-08-27
592,28,94,MB,586,2017-11-19
593,51,89,NS,682,2018-03-30
594,30,93,NL,449,2017-12-09
595,68,95,NU,621,2017-10-23
596,50,93,NL,532,2017-12-18
597,30,88,YT,553,2018-05-15
598,64,94,NT,779,2017-11-22
599,34,92,NT,632,2018-01-07
600,58,91,NT,520,2018-02-15
601,30,91,YT,698,2018-02-24
602,33,92,ON,674,2018-01-19
603,62,92,AB,592,2018-01-18
604,53,92,MB,530,2018-01-05
605,38,83,NB,572,2018-10-21
606,38,74,YT,529,2019-07-03
607,71,95,AB,460,2017-10-08
608,63,90,PE,623,2018-03-25
609,31,91,AB,582,2018-02-06
610,34,97,YT,579,2017-08-24
611,42,88,NB,601,2018-05-21
612,45,87,NT,530,2018-06-11
613,44,93,BC,538,2017-12-03
614,51,89,NL,579,2018-03-27
615,42,95,BC,608,2017-10-16
616,29,79,YT,613,2019-02-17
617,49,90,MB,613,2018-03-13
618,62,89,AB,471,2018-04-15
619,46,94,MB,591,2017-11-23
620,61,96,NT,601,2017-09-25
621,45,89,BC,546,2018-04-12
622,74,86,NL,702,2018-06-28
623,28,87,QC,601,2018-06-13
624,45,88,ON,689,2018-05-09
625,71,87,MB,678,2018-06-05
626,43,91,YT,533,2018-02-22
627,67,73,MB,682,2019-08-17
628,38,93,YT,608,2017-11-27
629,79,88,NT,775,2018-05-15
630,20,96,QC,583,2017-09-13
631,50,95,PE,409,2017-10-20
632,58,87,PE,603,2018-06-21
633,35,88,BC,542,2018-04-30
634,43,89,MB,534,2018-03-31
635,60,81,NL,634,2018-12-12
636,30,90,NS,632,2018-03-08
637,82,87,BC,718,2018-06-07
638,61,91,BC,649,2018-02-01
639,60,91,ON,604,2018-02-03
640,39,95,MB,565,2017-10-14
641,30,91,NU,599,2018-02-23
642,84,86,PE,713,2018-06-25
643,34,93,PE,545,2017-12-16
644,82,85,YT,543,2018-08-02
645,27,93,AB,638,2017-12-16
646,82,86,SK,617,2018-07-04
647,28,91,SK,445,2018-02-06
648,36,77,SK,582,2019-04-02
649,43,94,YT,584,2017-10-29
650,32,84,ON,486,2018-09-01
651,36,89,NL,565,2018-04-09
652,32,90,SK,591,2018-03-19
653,44,83,NU,561,2018-09-28
654,41,84,NU,684,2018-09-10
655,66,92,NT,457,2017-12-30
656,70,88,QC,655,2018-04-28
657,27,97,YT,553,2017-08-25
658,20,93,NB,552,2017-12-18
659,53,94,BC,653,2017-11-10
660,67,88,NL,531,2018-05-25
661,64,94,YT,552,2017-11-14
662,33,80,YT,606,2019-01-11
663,76,94,PE,610,2017-11-25
664,27,96,AB,420,2017-09-19
665,42,92,NB,613,2018-01-22
666,80,94,NU,415,2017-11-02
667,83,89,ON,686,2018-03-31
668,18,84,YT,566,2018-09-19
669,58,84,BC,555,2018-09-06
670,69,94,ON,658,2017-10-30
671,81,82,NU,408,2018-10-25
672,49,91,ON,663,2018-02-22
673,60,91,QC,478,2018-02-01
674,23,92,NS,640,2018-01-14
675,82,90,NS,585,2018-03-13
676,81,96,ON,633,2017-09-11
677,61,92,SK,655,2018-01-21
678,24,92,PE,634,2018-01-10
679,68,91,NU,605,2018-02-06
680,22,93,NB,699,2017-12-12
681,74,95,SK,621,2017-10-02
682,50,84,MB,557,2018-09-07
683,83,96,YT,559,2017-09-21
684,36,86,PE,668,2018-07-13
685,41,87,ON,706,2018-05-27
686,79,92,NT,466,2017-12-27
687,45,95,NT,606,2017-10-13
688,58,79,MB,550,2019-02-07
689,20,90,SK,484,2018-03-21
690,41,91,MB,484,2018-02-21
691,56,89,ON,605,2018-04-08
692,36,91,QC,542,2018-02-16
693,51,79,YT,699,2019-02-02
694,65,94,NT,716,2017-11-16
695,19,85,NS,801,2018-07-30
696,47,91,NU,622,2018-02-02
697,24,94,NU,735,2017-11-19
698,53,92,NB,470,2018-01-18
699,23,85,NU,716,2018-07-25
700,42,90,MB,586,2018-03-02
701,44,96,ON,564,2017-09-27
702,58,90,QC,593,2018-03-08
703,40,85,NU,522,2018-08-05
704,60,91,NT,580,2018-02-22
705,33,77,NL,575,2019-04-07
706,76,88,SK,636,2018-05-15
707,82,84,NS,544,2018-08-31
708,23,84,NL,539,2018-09-14
709,71,93,ON,685,2017-12-17
710,77,92,NB,709,2018-01-06
711,54,90,SK,701,2018-03-05
712,28,92,QC,711,2018-01-09
713,24,95,NU,634,2017-10-16
714,18,90,SK,544,2018-03-03
715,18,92,YT,715,2017-12-28
716,84,79,NL,606,2019-01-30
717,18,87,NL,677,2018-06-16
718,40,94,PE,533,2017-10-31
719,42,85,AB,530,2018-08-17
720,22,92,NU,645,2017-12-28
721,56,95,SK,490,2017-10-26
722,23,93,PE,512,2017-12-02
723,22,89,NT,838,2018-04-03
724,84,84,NL,638,2018-09-01
725,54,91,MB,597,2018-02-02
726,40,78,NL,548,2019-03-03
727,23,78,SK,562,2019-03-03
728,47,93,QC,677,2017-12-08
729,53,92,NT,633,2018-01-24
730,56,91,SK,572,2018-01-28
731,32,91,SK,552,2018-02-12
732,26,88,BC,724,2018-05-22
733,57,95,NU,449,2017-09-28
734,30,94,ON,642,2017-11-19
735,65,88,YT,673,2018-04-30
736,43,94,BC,620,2017-11-14
737,84,94,NU,602,2017-11-06
738,79,90,NU,484,2018-03-11
739,49,65,NL,511,2020-03-17
740,73,86,SK,628,2018-06-29
741,68,88,YT,631,2018-05-08
742,36,89,ON,455,2018-04-19
743,35,94,BC,594,2017-11-25
744,39,90,SK,604,2018-02-27
745,74,95,NB,593,2017-10-13
746,37,90,NT,628,2018-02-28
747,81,94,BC,544,2017-11-01
748,77,79,ON,664,2019-02-16
749,47,84,BC,701,2018-08-26
750,48,86,AB,508,2018-07-02
751,42,87,AB,653,2018-06-21
752,62,96,NL,745,2017-09-24
753,81,81,NB,509,2018-12-18
754,23,94,QC,720,2017-11-25
755,20,88,QC,617,2018-05-05
756,79,79,ON,571,2019-01-24
757,71,91,MB,502,2018-02-20
758,76,80,NT,459,2018-12-26
759,19,84,QC,668,2018-09-06
760,79,91,NT,513,2018-02-09
761,84,93,ON,668,2017-12-10
762,62,89,NB,644,2018-04-02
763,44,91,MB,703,2018-02-12
764,21,95,MB,649,2017-10-01
765,50,88,AB,597,2018-05-04
766,38,92,NL,594,2018-01-01
767,73,84,SK,628,2018-09-15
768,35,90,MB,485,2018-03-16
769,55,92,NS,651,2017-12-31
770,84,82,ON,535,2018-10-31
771,76,91,MB,559,2018-02-19
772,65,92,MB,687,2018-01-22
773,75,94,NU,689,2017-11-04
774,27,73,PE,681,2019-07-20
775,36,93,NT,586,2017-12-09
776,37,76,NS,560,2019-04-28
777,72,83,NU,615,2018-10-03
778,38,79,PE,708,2019-02-08
779,49,86,MB,670,2018-06-27
780,38,74,SK,559,2019-06-30
781,71,93,NS,612,2017-12-25
782,21,93,AB,561,2017-12-01
783,64,95,BC,568,2017-10-13
784,67,86,NU,594,2018-06-29
785,29,87,MB,706,2018-06-06
786,45,75,MB,562,2019-06-13
787,54,97,NL,576,2017-08-26
788,57,88,NT,683,2018-05-22
789,47,78,NT,660,2019-03-14
790,63,89,NL,659,2018-04-08
791,73,94,NU,649,2017-10-28
792,52,86,PE,535,2018-06-28
793,74,93,ON,549,2017-12-16
794,37,82,SK,590,2018-11-08
795,34,94,ON,445,2017-11-23
796,75,91,BC,540,2018-02-03
797,27,91,MB,476,2018-02-07
798,54,91,SK,538,2018-02-17
799,81,96,NS,562,2017-09-22
800,56,94,MB,539,2017-11-06
801,53,95,AB,496,2017-10-08
802,81,87,YT,555,2018-06-21
803,28,92,YT,577,2017-12-29
804,27,80,NU,622,2018-12-22
805,77,95,MB,601,2017-10-25
806,74,94,NT,598,2017-11-21
807,39,94,QC,678,2017-11-07
808,57,87,SK,731,2018-06-10
809,56,94,QC,647,2017-11-01
810,80,79,PE,628,2019-02-08
811,65,75,NL,646,2019-05-22
812,79,96,NS,526,2017-09-22
813,77,90,MB,707,2018-03-12
814,56,71,PE,587,2019-10-05
815,80,90,PE,613,2018-03-21
816,45,95,YT,623,2017-10-16
817,55,91,NS,605,2018-01-28
818,49,88,NB,557,2018-05-22
819,66,82,YT,641,2018-11-09
820,69,78,MB,511,2019-03-14
821,39,86,QC,653,2018-07-09
822,66,80,SK,708,2018-12-25
823,18,86,QC,542,2018-07-10
824,40,91,NS,525,2018-01-27
825,76,93,BC,659,2017-12-09
826,34,84,MB,628,2018-09-20
827,30,89,AB,690,2018-04-02
828,57,86,ON,656,2018-07-24
829,70,94,SK,433,2017-10-28
830,18,77,AB,651,2019-04-13
831,49,85,AB,619,2018-07-25
832,79,94,NU,670,2017-11-17
833,28,79,MB,752,2019-02-19
834,57,85,BC,585,2018-08-18
835,54,86,NU,565,2018-07-06
836,66,78,MB,543,2019-02-22
837,83,95,BC,640,2017-10-22
838,34,89,NB,512,2018-04-06
839,55,87,SK,528,2018-06-11
840,75,84,NS,755,2018-09-09
841,77,92,NT,551,2017-12-29
842,18,91,NL,626,2018-01-31
843,21,90,NS,561,2018-03-10
844,73,92,AB,512,2018-01-05
845,42,89,ON,621,2018-04-24
846,84,86,YT,548,2018-07-18
847,32,92,NB,688,2018-01-15
848,64,91,NU,674,2018-02-16
849,21,91,YT,690,2018-01-30
850,83,94,NS,557,2017-10-29
851,66,94,NU,566,2017-11-02
852,55,88,NS,625,2018-05-15
853,63,90,ON,692,2018-03-26
854,64,76,ON,603,2019-05-15
855,40,91,NS,540,2018-01-27
856,69,77,PE,590,2019-03-24
857,72,90,QC,541,2018-03-20
858,76,91,ON,721,2018-01-28
859,47,87,QC,570,2018-06-22
860,80,87,SK,474,2018-05-28
861,75,88,YT,447,2018-05-09
862,69,94,NB,601,2017-11-20
863,18,92,PE,638,2017-12-31
864,38,95,ON,579,2017-09-30
865,25,89,SK,505,2018-03-29
866,62,89,NT,563,2018-04-07
867,78,87,BC,719,2018-06-12
868,48,88,NU,632,2018-05-20
869,75,91,AB,626,2018-02-06
870,22,74,QC,512,2019-07-01
871,35,94,PE,643,2017-11-23
872,24,91,PE,522,2018-02-03
873,52,91,NT,582,2018-02-03
874,49,93,NT,549,2017-12-13
875,75,91,NB,642,2018-02-24
876,57,96,NU,623,2017-09-19
877,62,88,QC,573,2018-04-28
878,20,90,BC,478,2018-03-21
879,62,90,NB,473,2018-03-08
880,47,96,PE,546,2017-09-01
881,56,89,NS,730,2018-04-08
882,23,85,BC,644,2018-07-29
883,35,89,PE,570,2018-04-17
884,23,88,YT,470,2018-04-26
885,28,91,MB,593,2018-02-01
886,58,84,MB,686,2018-09-20
887,52,88,NT,570,2018-05-23
888,28,91,ON,646,2018-02-14
889,31,91,NB,541,2018-01-29
890,40,88,PE,591,2018-05-06
891,42,92,NT,627,2018-01-02
892,58,86,YT,669,2018-07-03
893,38,93,ON,582,2017-12-19
894,81,91,NB,621,2018-02-16
895,76,91,NT,597,2018-02-10
896,64,91,NU,602,2018-02-07
897,21,85,BC,516,2018-08-09
898,44,90,YT,635,2018-03-12
899,63,78,PE,632,2019-02-22
900,53,95,NU,575,2017-10-25
901,47,91,NB,528,2018-02-17
902,69,94,NU,502,2017-11-13
903,64,97,PE,570,2017-08-21
904,81,95,NU,608,2017-10-20
905,42,87,NS,579,2018-06-07
906,33,94,AB,492,2017-11-25
907,36,88,NL,568,2018-05-11
908,39,94,MB,648,2017-11-12
909,36,95,YT,512,2017-10-18
910,37,85,AB,627,2018-08-18
911,37,84,NB,641,2018-09-15
912,61,87,NL,766,2018-05-26
913,70,84,YT,746,2018-08-25
914,83,92,AB,719,2018-01-13
915,63,86,NS,449,2018-07-15
916,28,90,MB,569,2018-02-25
917,67,79,SK,623,2019-01-24
918,82,91,NB,466,2018-02-05
919,41,82,MB,650,2018-11-04
920,67,93,AB,601,2017-12-03
921,44,84,YT,636,2018-08-27
922,77,77,SK,721,2019-03-26
923,59,86,NT,595,2018-07-09
924,74,85,QC,499,2018-07-26
925,83,94,MB,699,2017-11-21
926,27,94,QC,581,2017-11-07
927,77,91,NT,574,2018-02-06
928,44,86,NL,688,2018-07-10
929,32,82,YT,640,2018-11-01
930,41,89,BC,675,2018-04-05
931,31,86,PE,431,2018-07-16
932,53,88,NU,624,2018-05-09
933,37,96,NL,669,2017-09-27
934,33,91,NU,620,2018-02-16
935,29,86,SK,508,2018-07-03
936,63,82,SK,500,2018-11-01
937,60,93,MB,622,2017-11-29
938,49,95,NT,539,2017-10-15
939,42,87,PE,821,2018-06-23
940,18,94,BC,549,2017-10-31
941,71,92,AB,713,2018-01-23
942,83,93,ON,681,2017-12-20
943,68,82,NB,691,2018-11-12
944,37,81,BC,538,2018-12-20
945,62,87,SK,628,2018-06-08
946,69,86,ON,687,2018-07-08
947,59,80,NU,596,2019-01-17
948,45,96,SK,615,2017-09-17
949,68,86,PE,696,2018-07-07
950,43,82,PE,782,2018-11-05
951,36,88,YT,585,2018-05-09
952,59,94,MB,666,2017-10-31
953,24,94,AB,610,2017-10-30
954,43,93,NS,773,2017-12-25
955,54,93,SK,692,2017-12-06
956,66,94,AB,698,2017-11-05
957,62,95,QC,686,2017-10-23
958,43,89,SK,521,2018-04-10
959,31,91,ON,707,2018-02-12
960,47,88,AB,521,2018-05-24
961,64,88,NU,597,2018-04-26
962,81,94,BC,777,2017-11-24
963,27,88,AB,610,2018-05-13
964,69,89,BC,463,2018-04-04
965,21,94,PE,559,2017-11-22
966,18,94,NT,654,2017-11-22
967,25,91,BC,567,2018-02-15
968,60,83,NL,554,2018-10-16
969,46,85,NS,611,2018-08-18
970,21,91,NL,593,2018-02-22
971,65,87,ON,788,2018-05-30
972,83,82,NB,625,2018-11-11
973,70,83,ON,634,2018-10-14
974,23,87,NT,518,2018-06-21
975,47,88,MB,397,2018-05-20
976,44,91,SK,763,2018-02-01
977,46,85,NL,571,2018-08-13
978,69,93,NU,567,2017-12-08
979,55,91,ON,578,2018-02-01
980,28,92,NT,484,2018-01-22
981,39,88,SK,696,2018-04-29
982,33,97,YT,479,2017-08-28
983,68,91,NT,609,2018-02-17
984,49,83,SK,754,2018-10-16
985,76,87,SK,645,2018-06-01
986,46,86,NU,508,2018-07-12
987,29,94,NS,665,2017-11-20
988,25,89,NB,400,2018-04-22
989,68,94,BC,550,2017-11-23
990,77,77,ON,751,2019-04-04
991,58,93,MB,574,2017-12-26
992,27,90,NT,673,2018-03-14
993,77,92,ON,582,2018-01-02
994,40,90,BC,515,2018-03-14
995,77,84,YT,431,2018-09-14
996,63,82,PE,541,2018-10-27
997,62,90,AB,639,2018-03-14
998,83,92,SK,582,2018-01-18
999,72,94,NL,616,2017-11-13
1000,61,87,NL,572,2018-06-02
1001,40,70,AB,585,2019-11-08
1002,50,93,MB,666,2017-12-16
1003,66,88,NT,638,2018-05-20
1004,71,93,NL,766,2017-12-22
1005,62,89,AB,555,2018-04-01
1006,60,93,AB,506,2017-12-18
1007,35,86,NT,732,2018-07-20
1008,40,95,SK,621,2017-10-24
1009,64,94,BC,542,2017-11-02
1010,23,90,BC,587,2018-02-26
1011,38,82,BC,534,2018-11-06
1012,37,86,ON,717,2018-07-10
1013,58,93,NB,474,2017-12-24
1014,55,93,NT,522,2017-12-21
1015,20,92,ON,551,2018-01-25
1016,35,91,AB,496,2018-02-16
1017,52,94,NB,710,2017-11-17
1018,33,90,NT,603,2018-02-28
1019,33,81,NL,631,2018-11-24
1020,51,94,NU,531,2017-11-05
1021,62,87,NT,554,2018-06-05
1022,65,95,QC,749,2017-09-29
1023,35,87,ON,535,2018-06-13
1024,32,93,ON,474,2017-12-04
1025,43,84,NT,575,2018-09-19
1026,19,70,SK,481,2019-11-07
1027,84,94,BC,653,2017-11-22
1028,59,92,NT,636,2018-01-25
1029,69,90,PE,692,2018-03-06
1030,57,73,NU,610,2019-07-20
1031,48,95,NL,488,2017-09-30
1032,19,91,PE,633,2018-02-19
1033,84,91,BC,638,2018-02-22
1034,81,93,NB,457,2017-12-07
1035,79,95,ON,733,2017-10-19
1036,72,90,BC,606,2018-03-23
1037,24,93,ON,632,2017-12-22
1038,59,91,AB,637,2018-01-26
1039,27,85,QC,606,2018-07-30
1040,23,93,BC,633,2017-12-20
1041,41,95,NS,698,2017-10-27
1042,45,93,NT,536,2017-11-30
1043,65,88,NL,624,2018-05-08
1044,68,82,QC,499,2018-11-08
1045,26,91,BC,627,2018-02-12
1046,52,90,NS,613,2018-03-11
1047,44,91,NS,605,2018-02-24
1048,80,87,NL,678,2018-06-09
1049,65,90,BC,744,2018-03-20
1050,79,88,NT,630,2018-05-09
1051,78,93,QC,408,2017-11-29
1052,40,85,YT,574,2018-08-20
1053,44,95,NU,671,2017-09-30
1054,20,83,SK,716,2018-10-06
1055,78,84,NB,627,2018-09-10
1056,48,88,NS,603,2018-05-18
1057,71,91,PE,521,2018-02-01
1058,78,95,BC,550,2017-10-09
1059,60,87,SK,467,2018-06-18
1060,56,92,SK,671,2018-01-23
1061,54,85,SK,590,2018-08-02
1062,26,92,AB,492,2018-01-12
1063,51,86,QC,830,2018-07-12
1064,18,89,NS,576,2018-03-30
1065,60,90,BC,516,2018-03-11
1066,72,85,SK,680,2018-08-19
1067,60,81,NB,564,2018-11-24
1068,40,90,NB,763,2018-03-22
1069,84,91,MB,602,2018-02-19
1070,82,93,SK,680,2017-12-18
1071,46,91,NB,673,2018-01-30
1072,59,94,PE,704,2017-11-09
1073,44,86,YT,555,2018-07-05
1074,80,93,YT,539,2017-11-27
1075,46,94,NS,439,2017-11-16
1076,47,89,QC,735,2018-04-18
1077,31,91,QC,573,2018-02-11
1078,84,84,NU,636,2018-08-29
1079,52,94,PE,625,2017-11-17
1080,33,91,BC,496,2018-02-20
1081,82,89,NB,580,2018-04-17
1082,76,90,ON,700,2018-03-07
1083,51,91,NB,616,2018-02-09
1084,36,95,NL,471,2017-10-09
1085,29,94,NU,649,2017-11-13
1086,71,86,MB,664,2018-07-03
1087,23,91,PE,524,2018-01-29
1088,24,92,PE,592,2017-12-27
1089,74,84,NU,684,2018-08-27
1090,55,90,PE,750,2018-03-11
1091,84,81,ON,554,2018-12-11
1092,40,92,NU,573,2018-01-11
1093,60,86,NL,643,2018-07-17
1094,23,91,MB,557,2018-02-04
1095,38,94,SK,568,2017-11-10
1096,80,94,SK,575,2017-11-10
1097,58,85,BC,753,2018-07-31
1098,81,78,PE,612,2019-03-07
1099,53,80,MB,588,2019-01-07
1100,77,97,BC,641,2017-08-25
1101,60,92,PE,587,2018-01-13
1102,74,95,PE,617,2017-10-07
1103,26,90,NS,582,2018-03-04
1104,57,93,PE,574,2017-11-27
1105,46,94,NT,664,2017-11-10
1106,62,79,NB,793,2019-02-16
1107,21,94,NU,481,2017-10-30
1108,44,84,ON,619,2018-09-08
1109,69,95,YT,584,2017-10-01
1110,66,74,ON,589,2019-06-29
1111,59,93,BC,368,2017-12-19
1112,73,96,YT,638,2017-09-17
1113,69,94,NB,447,2017-11-25
1114,33,88,QC,705,2018-05-24
1115,33,92,ON,596,2018-01-13
1116,33,78,QC,574,2019-03-09
1117,43,72,NL,579,2019-08-22
1118,62,93,NB,525,2017-12-10
1119,43,94,QC,579,2017-11-21
1120,29,91,NS,643,2018-02-20
1121,43,90,MB,643,2018-03-12
1122,40,97,SK,633,2017-08-22
1123,37,94,NT,574,2017-11-07
1124,83,86,PE,722,2018-07-07
1125,61,91,SK,687,2018-01-28
1126,39,93,BC,615,2017-12-19
1127,65,95,NS,682,2017-09-29
1128,65,95,ON,630,2017-10-12
1129,20,80,BC,512,2018-12-28
1130,32,87,NT,533,2018-06-04
1131,38,92,BC,541,2018-01-05
1132,52,87,NT,666,2018-06-03
1133,55,94,SK,528,2017-10-31
1134,34,96,NB,615,2017-09-22
1135,29,92,YT,543,2018-01-13
1136,36,83,ON,680,2018-09-28
1137,25,90,BC,609,2018-03-18
1138,29,91,NU,435,2018-02-11
1139,70,57,NU,510,2020-11-23
1140,53,85,YT,647,2018-08-08
1141,71,91,PE,533,2018-02-14
1142,56,86,YT,649,2018-07-24
1143,43,91,NU,668,2018-01-29
1144,34,92,ON,552,2018-01-19
1145,38,89,MB,791,2018-04-02
1146,50,88,NB,539,2018-05-09
1147,65,91,NL,574,2018-02-15
1148,59,92,ON,609,2017-12-27
1149,74,93,YT,694,2017-12-08
1150,50,91,QC,726,2018-02-02
1151,35,95,BC,501,2017-10-06
1152,61,94,QC,559,2017-10-28
1153,30,89,NB,684,2018-04-05
1154,36,94,NS,679,2017-11-02
1155,29,93,QC,534,2017-12-11
1156,47,85,NU,597,2018-08-21
1157,75,91,BC,565,2018-02-07
1158,45,94,PE,602,2017-11-12
1159,24,82,NT,608,2018-10-23
1160,57,90,PE,656,2018-03-25
1161,30,85,BC,650,2018-07-29
1162,70,86,SK,622,2018-07-24
1163,24,85,NB,562,2018-08-21
1164,82,85,SK,690,2018-07-27
1165,40,86,NT,520,2018-07-05
1166,57,92,BC,439,2018-01-13
1167,61,88,NT,634,2018-05-13
1168,26,81,MB,582,2018-12-10
1169,73,85,BC,606,2018-08-17
1170,75,91,NL,493,2018-01-31
1171,50,87,NL,586,2018-06-13
1172,68,87,SK,499,2018-06-14
1173,22,87,SK,552,2018-06-21
1174,21,95,NB,555,2017-10-07
1175,84,94,PE,463,2017-11-07
1176,80,84,NS,631,2018-09-16
1177,58,95,MB,669,2017-10-16
1178,18,92,NT,556,2018-01-11
1179,52,92,AB,516,2018-01-02
1180,79,76,PE,663,2019-05-07
1181,19,94,BC,743,2017-11-18
1182,65,90,NS,715,2018-03-12
1183,74,90,NB,382,2018-03-16
1184,81,88,ON,624,2018-05-10
1185,66,91,YT,450,2018-02-01
1186,70,86,PE,630,2018-06-27
1187,54,94,PE,468,2017-11-20
1188,79,92,NS,663,2018-01-05
1189,61,90,NU,584,2018-03-23
1190,72,93,YT,599,2017-12-09
1191,27,88,BC,538,2018-04-26
1192,38,95,PE,622,2017-10-17
1193,47,92,NS,561,2017-12-27
1194,78,88,NU,594,2018-05-06
1195,67,86,NU,587,2018-07-18
1196,27,84,QC,671,2018-09-04
1197,38,90,SK,677,2018-03-09
1198,38,90,NL,468,2018-03-24
1199,82,87,YT,698,2018-06-23
1200,57,88,SK,583,2018-05-01
1201,72,95,BC,593,2017-10-24
1202,83,83,QC,614,2018-10-13
1203,59,88,PE,603,2018-05-20
1204,64,87,MB,754,2018-06-13
1205,56,88,YT,635,2018-05-04
1206,21,92,SK,800,2018-01-20
1207,68,90,NB,575,2018-02-27
1208,29,93,SK,614,2017-12-16
1209,37,96,AB,539,2017-09-06
1210,64,93,MB,576,2017-12-03
1211,35,92,AB,677,2018-01-17
1212,61,81,AB,662,2018-12-08
1213,53,91,YT,592,2018-02-20
1214,68,94,NB,660,2017-11-17
1215,42,92,QC,556,2018-01-23
1216,55,93,AB,633,2017-11-29
1217,22,93,MB,606,2017-12-16
1218,34,78,NT,662,2019-03-03
1219,51,94,SK,611,2017-10-29
1220,51,93,BC,588,2017-12-10
1221,68,82,YT,696,2018-11-11
1222,21,95,MB,620,2017-10-01
1223,26,92,NU,553,2017-12-29
1224,21,95,NL,582,2017-10-19
1225,57,83,NS,529,2018-09-25
1226,57,80,SK,617,2018-12-24
1227,23,92,NB,509,2018-01-12
1228,19,83,AB,598,2018-10-22
1229,60,91,BC,586,2018-02-17
1230,84,83,AB,562,2018-10-10
1231,56,96,NB,691,2017-09-18
1232,74,67,NU,633,2020-01-25
1233,20,78,MB,610,2019-02-20
1234,73,96,NL,741,2017-09-21
1235,48,88,NS,596,2018-05-11
1236,58,95,YT,627,2017-09-28
1237,42,94,NL,455,2017-11-21
1238,40,87,SK,618,2018-05-29
1239,54,92,MB,537,2018-01-18
1240,22,85,NS,607,2018-08-22
1241,81,92,ON,512,2018-01-18
1242,33,89,NL,606,2018-03-27
1243,76,83,AB,589,2018-10-03
1244,37,85,PE,546,2018-08-15
1245,44,89,NU,576,2018-04-07
1246,76,95,SK,646,2017-10-04
1247,32,91,YT,637,2018-02-11
1248,81,91,SK,500,2018-01-30
1249,38,83,NU,460,2018-10-16
1250,53,94,NS,638,2017-11-03
1251,52,83,ON,589,2018-10-08
1252,68,85,BC,696,2018-08-14
1253,51,88,NL,662,2018-05-03
1254,53,90,QC,540,2018-02-25
1255,66,90,BC,645,2018-03-12
1256,43,86,SK,539,2018-07-19
1257,18,92,NT,599,2018-01-12
1258,44,88,SK,555,2018-05-08
1259,63,86,NB,585,2018-07-12
1260,81,87,NS,504,2018-06-08
1261,81,94,YT,609,2017-11-24
1262,26,76,PE,616,2019-05-09
1263,53,92,NU,560,2018-01-19
1264,40,92,ON,522,2017-12-29
1265,65,91,NT,701,2018-01-26
1266,46,89,QC,659,2018-04-23
1267,22,80,BC,625,2019-01-04
1268,75,86,NL,630,2018-07-05
1269,18,94,NS,601,2017-11-25
1270,84,94,NL,469,2017-11-24
1271,75,84,MB,667,2018-09-06
1272,54,87,NB,651,2018-06-04
1273,82,90,ON,615,2018-03-05
1274,20,91,NB,532,2018-02-21
1275,62,87,SK,633,2018-06-12
1276,33,93,NB,534,2017-12-19
1277,32,85,YT,668,2018-08-14
1278,60,77,QC,587,2019-03-29
1279,66,81,SK,655,2018-11-24
1280,21,89,NT,752,2018-04-19
1281,18,87,BC,538,2018-05-27
1282,53,90,NL,708,2018-02-25
1283,39,92,NT,734,2018-01-14
1284,53,92,BC,587,2018-01-16
1285,58,91,MB,498,2018-01-29
1286,61,93,SK,488,2017-12-13
1287,34,85,SK,613,2018-07-27
1288,66,84,ON,640,2018-09-07
1289,76,94,SK,514,2017-11-18
1290,68,86,NL,585,2018-07-17
1291,33,89,QC,551,2018-03-28
1292,29,97,MB,685,2017-08-20
1293,60,93,ON,610,2017-11-28
1294,50,91,PE,684,2018-02-16
1295,46,91,NL,711,2018-02-22
1296,59,85,NT,593,2018-08-13
1297,74,92,QC,586,2018-01-21
1298,75,89,NB,663,2018-04-05
1299,69,93,BC,532,2017-12-07
1300,48,90,NU,668,2018-03-06
1301,84,92,NU,585,2017-12-27
1302,74,92,MB,560,2018-01-24
1303,20,92,AB,580,2018-01-08
1304,61,95,NU,745,2017-10-24
1305,75,81,NL,670,2018-11-27
1306,51,89,BC,550,2018-03-31
1307,72,93,NS,615,2017-12-15
1308,77,84,BC,629,2018-09-11
1309,83,84,NT,618,2018-09-02
1310,69,88,BC,583,2018-05-01
1311,47,93,PE,546,2017-12-02
1312,37,95,PE,601,2017-10-18
1313,44,84,YT,699,2018-09-05
1314,67,90,SK,575,2018-03-14
1315,33,90,QC,591,2018-03-03
1316,22,88,SK,700,2018-05-05
1317,22,93,NL,591,2017-12-01
1318,40,87,SK,568,2018-06-22
1319,43,90,AB,579,2018-03-24
1320,23,96,AB,373,2017-09-08
1321,44,91,NL,711,2018-02-01
1322,79,85,NU,717,2018-08-03
1323,23,89,NL,586,2018-04-21
1324,68,86,MB,598,2018-07-23
1325,30,92,SK,524,2018-01-20
1326,26,95,AB,586,2017-10-14
1327,68,92,ON,507,2018-01-18
1328,65,92,NT,593,2018-01-18
1329,22,80,ON,669,2019-01-08
1330,46,87,PE,598,2018-05-26
1331,28,93,MB,517,2017-11-27
1332,32,86,ON,484,2018-07-05
1333,66,92,NU,593,2017-12-30
1334,83,89,MB,676,2018-04-15
1335,84,87,NS,702,2018-06-07
1336,70,85,AB,480,2018-08-02
1337,38,84,NT,568,2018-09-10
1338,61,81,SK,676,2018-11-22
1339,57,90,NT,508,2018-02-28
1340,83,93,NU,645,2017-12-12
1341,26,93,MB,441,2017-12-21
1342,56,83,MB,657,2018-10-11
1343,38,90,YT,630,2018-03-23
1344,37,91,NU,536,2018-02-14
1345,19,90,YT,542,2018-03-05
1346,84,86,QC,516,2018-07-05
1347,29,87,SK,539,2018-05-27
1348,22,89,NS,474,2018-04-06
1349,71,87,QC,352,2018-06-16
1350,67,90,NL,681,2018-03-26
1351,56,87,PE,589,2018-06-11
1352,67,90,AB,480,2018-03-18
1353,53,81,NB,578,2018-12-02
1354,41,92,SK,562,2017-12-29
1355,77,82,NB,567,2018-11-19
1356,46,96,NL,567,2017-09-18
1357,42,89,SK,590,2018-04-19
1358,75,95,NS,414,2017-10-10
1359,73,85,NT,512,2018-07-31
1360,78,92,QC,693,2018-01-16
1361,51,88,MB,617,2018-05-13
1362,28,93,YT,575,2017-12-02
1363,24,94,QC,558,2017-11-17
1364,29,87,NB,444,2018-05-30
1365,34,83,SK,503,2018-09-29
1366,42,90,NU,491,2018-03-04
1367,20,86,BC,525,2018-07-05
1368,62,96,AB,592,2017-09-15
1369,63,92,PE,633,2018-01-14
1370,46,92,NT,701,2018-01-24
1371,75,91,MB,585,2018-02-10
1372,35,91,YT,619,2018-02-24
1373,37,90,NB,669,2018-03-03
1374,80,89,AB,739,2018-04-10
1375,36,90,YT,608,2018-03-23
1376,46,92,NL,539,2017-12-31
1377,32,94,MB,606,2017-11-25
1378,76,80,AB,677,2019-01-03
1379,25,91,YT,712,2018-02-10
1380,67,89,NT,631,2018-04-24
1381,28,91,NU,570,2018-02-22
1382,73,82,SK,787,2018-11-05
1383,38,85,NL,675,2018-08-20
1384,30,92,NS,533,2017-12-30
1385,38,95,PE,580,2017-10-08
1386,23,93,NB,612,2017-12-24
1387,83,66,ON,691,2020-03-06
1388,24,85,YT,465,2018-08-20
1389,49,91,YT,529,2018-01-28
1390,41,93,BC,677,2017-12-07
1391,59,90,ON,677,2018-03-14
1392,41,94,NT,502,2017-11-23
1393,21,86,NB,626,2018-07-14
1394,47,82,MB,547,2018-11-12
1395,54,64,NB,666,2020-04-18
1396,79,86,NU,674,2018-07-01
1397,21,92,YT,589,2017-12-29
1398,45,91,NT,552,2018-02-04
1399,37,90,NB,585,2018-03-06
1400,24,92,SK,519,2018-01-05
1401,36,94,QC,652,2017-10-29
1402,65,85,NT,664,2018-08-19
1403,44,90,BC,530,2018-03-25
1404,45,90,NS,580,2018-02-26
1405,27,84,NS,637,2018-09-12
1406,65,74,AB,387,2019-06-24
1407,57,88,NU,600,2018-05-11
1408,72,82,NS,699,2018-11-09
1409,23,87,BC,704,2018-06-17
1410,44,87,AB,563,2018-05-30
1411,49,91,AB,551,2018-02-09
1412,26,91,MB,684,2018-02-05
1413,70,92,QC,517,2018-01-19
1414,63,84,ON,503,2018-09-22
1415,25,90,NL,586,2018-03-13
1416,34,96,MB,523,2017-09-07
1417,26,90,PE,680,2018-02-27
1418,75,94,YT,555,2017-10-31
1419,30,91,NU,605,2018-02-01
1420,27,96,QC,654,2017-09-06
1421,27,95,QC,689,2017-10-20
1422,73,88,QC,742,2018-04-27
1423,47,92,NB,563,2018-01-06
1424,69,93,PE,624,2017-12-03
1425,75,91,MB,573,2018-02-08
1426,79,93,PE,601,2017-12-21
1427,72,90,YT,639,2018-03-12
1428,19,87,ON,568,2018-05-28
1429,44,97,SK,465,2017-08-27
1430,59,90,PE,784,2018-03-15
1431,31,95,QC,700,2017-10-20
1432,71,86,ON,643,2018-07-19
1433,64,86,SK,791,2018-07-16
1434,56,71,YT,545,2019-09-22
1435,69,87,BC,464,2018-06-01
1436,44,85,SK,685,2018-08-10
1437,81,93,BC,447,2017-12-09
1438,34,91,YT,622,2018-02-01
1439,55,89,NS,768,2018-04-24
1440,61,86,NU,601,2018-07-15
1441,56,93,SK,556,2017-12-19
1442,23,95,BC,598,2017-10-19
1443,71,89,YT,623,2018-04-23
1444,48,92,NL,723,2017-12-27
1445,22,90,QC,638,2018-03-19
1446,71,91,NB,676,2018-02-14
1447,51,93,SK,597,2017-12-02
1448,78,90,AB,558,2018-03-05
1449,61,92,PE,591,2017-12-28
1450,35,86,BC,628,2018-07-14
1451,66,92,YT,677,2018-01-09
1452,79,86,MB,695,2018-07-14
1453,71,81,NT,659,2018-11-24
1454,70,85,BC,674,2018-08-14
1455,65,90,SK,487,2018-02-27
1456,27,92,BC,625,2018-01-20
1457,38,94,ON,663,2017-11-07
1458,41,92,MB,525,2018-01-18
1459,40,87,SK,653,2018-06-19
1460,29,86,NB,582,2018-06-25
1461,32,88,ON,679,2018-05-07
1462,46,77,MB,621,2019-04-03
1463,38,93,PE,642,2017-12-19
1464,78,83,AB,567,2018-09-28
1465,83,90,PE,688,2018-03-05
1466,54,95,BC,633,2017-10-21
1467,82,89,NT,432,2018-04-15
1468,82,95,BC,600,2017-10-25
1469,48,66,NS,652,2020-02-16
1470,43,92,YT,587,2017-12-27
1471,22,93,MB,509,2017-11-29
1472,43,87,BC,561,2018-05-31
1473,38,91,NS,601,2018-02-15
1474,20,91,PE,553,2018-02-09
1475,63,92,YT,617,2018-01-13
1476,44,81,NU,526,2018-11-26
1477,80,94,NT,561,2017-11-01
1478,61,92,NS,611,2018-01-11
1479,74,85,PE,392,2018-07-28
1480,60,73,NT,552,2019-08-07
1481,67,89,SK,532,2018-03-28
1482,68,86,BC,619,2018-06-30
1483,82,96,NU,565,2017-09-12
1484,28,88,NU,700,2018-05-16
1485,53,94,ON,631,2017-11-26
1486,75,94,PE,593,2017-11-19
1487,27,93,NU,726,2017-11-30
1488,48,92,AB,555,2018-01-20
1489,27,89,ON,492,2018-04-19
1490,19,92,YT,562,2018-01-20
1491,55,95,ON,609,2017-10-03
1492,18,91,PE,564,2018-01-30
1493,38,82,BC,538,2018-11-15
1494,18,82,YT,570,2018-11-02
1495,41,94,NU,621,2017-11-19
1496,41,82,NT,645,2018-11-16
1497,52,92,NU,689,2018-01-13
1498,56,94,YT,683,2017-10-30
1499,27,95,YT,548,2017-10-25
1500,49,86,QC,729,2018-07-04
1501,73,88,YT,475,2018-05-16
1502,69,80,NB,561,2019-01-20
1503,18,95,YT,606,2017-10-08
1504,57,85,YT,598,2018-07-26
1505,35,96,NS,622,2017-09-05
1506,65,89,BC,479,2018-04-17
1507,18,92,NU,711,2018-01-15
1508,50,88,SK,593,2018-05-07
1509,41,82,NS,635,2018-10-28
1510,35,94,PE,588,2017-11-13
1511,75,84,AB,614,2018-09-13
1512,27,94,NT,471,2017-11-10
1513,58,93,QC,503,2017-12-06
1514,23,88,NB,519,2018-04-29
1515,54,94,BC,672,2017-11-09
1516,31,93,AB,792,2017-12-09
1517,53,88,NT,515,2018-05-20
1518,59,88,MB,515,2018-05-18
1519,38,89,QC,440,2018-04-17
1520,27,90,ON,615,2018-03-11
1521,27,83,QC,533,2018-10-13
1522,32,96,NU,549,2017-09-27
1523,30,92,NL,748,2018-01-23
1524,78,82,AB,709,2018-10-30
1525,27,92,NL,620,2018-01-21
1526,47,81,NL,612,2018-11-26
1527,19,92,BC,571,2018-01-06
1528,42,92,QC,700,2017-12-27
1529,51,88,BC,648,2018-05-12
1530,33,93,SK,527,2017-12-21
1531,30,77,NU,474,2019-03-31
1532,36,94,BC,708,2017-11-07
1533,37,95,NT,737,2017-10-02
1534,43,78,AB,434,2019-03-08
1535,78,89,NU,544,2018-04-03
1536,34,89,NB,669,2018-04-01
1537,47,78,SK,497,2019-03-09
1538,48,93,NB,604,2017-12-16
1539,30,94,QC,508,2017-11-24
1540,52,94,NU,729,2017-10-31
1541,76,92,ON,493,2017-12-27
1542,57,92,YT,692,2018-01-24
1543,31,90,NT,554,2018-03-24
1544,83,95,YT,611,2017-10-24
1545,37,72,MB,586,2019-09-02
1546,36,93,NU,458,2017-11-28
1547,34,88,NL,678,2018-05-04
1548,54,92,AB,697,2017-12-28
1549,21,95,NB,721,2017-10-20
1550,61,89,NU,661,2018-04-10
1551,28,91,MB,615,2018-02-07
1552,65,91,NS,561,2018-02-18
1553,75,95,BC,686,2017-10-08
1554,27,96,NL,578,2017-09-10
1555,31,94,NB,684,2017-11-26
1556,34,92,SK,609,2018-01-18
1557,20,93,AB,660,2017-12-09
1558,76,84,YT,593,2018-09-20
1559,68,82,NT,682,2018-11-06
1560,62,77,YT,543,2019-04-18
1561,63,92,BC,766,2018-01-11
1562,61,75,PE,680,2019-05-31
1563,71,78,MB,567,2019-02-27
1564,50,88,YT,533,2018-05-11
1565,25,92,AB,667,2017-12-30
1566,84,91,NB,588,2018-01-31
1567,74,85,YT,644,2018-08-21
1568,74,88,ON,566,2018-05-21
1569,47,95,SK,507,2017-09-28
1570,56,93,NS,537,2017-12-09
1571,33,79,PE,663,2019-02-17
1572,69,91,NL,591,2018-02-07
1573,68,86,AB,532,2018-07-24
1574,60,88,PE,704,2018-05-25
1575,27,86,ON,715,2018-07-18
1576,29,85,YT,492,2018-07-25
1577,67,87,NB,476,2018-06-22
1578,66,91,YT,651,2018-02-08
1579,22,92,SK,625,2018-01-10
1580,67,92,NT,448,2018-01-20
1581,75,91,BC,679,2018-02-16
1582,31,92,YT,597,2018-01-18
1583,51,93,MB,767,2017-11-27
1584,40,89,NB,593,2018-03-28
1585,82,93,QC,615,2017-12-09
1586,81,89,NS,681,2018-04-06
1587,36,92,NS,720,2018-01-11
1588,77,95,BC,675,2017-10-01
1589,61,78,SK,590,2019-03-14
1590,64,94,NB,506,2017-10-30
1591,70,88,NB,577,2018-05-15
1592,27,93,ON,521,2017-12-17
1593,54,87,NL,602,2018-05-31
1594,69,91,QC,661,2018-02-08
1595,40,93,MB,681,2017-12-09
1596,50,83,SK,607,2018-09-29
1597,47,91,AB,573,2018-02-09
1598,74,90,YT,499,2018-02-26
1599,38,85,NT,659,2018-08-18
1600,52,93,NT,669,2017-12-01
1601,49,85,NL,621,2018-08-14
1602,81,92,MB,618,2018-01-16
1603,23,89,PE,812,2018-04-19
1604,43,85,NT,460,2018-07-26
1605,70,90,NT,689,2018-03-05
1606,30,91,QC,690,2018-02-14
1607,41,93,MB,684,2017-12-26
1608,46,89,YT,599,2018-04-16
1609,42,92,NB,485,2017-12-29
1610,66,89,SK,659,2018-04-01
1611,35,88,PE,584,2018-05-01
1612,58,95,MB,601,2017-10-14
1613,73,91,BC,478,2018-02-05
1614,66,84,NS,625,2018-08-25
1615,40,93,NT,480,2017-12-20
1616,44,90,AB,460,2018-03-16
1617,64,77,ON,641,2019-04-09
1618,41,92,SK,540,2018-01-09
1619,35,89,SK,690,2018-03-29
1620,27,93,ON,608,2017-11-29
1621,20,96,AB,643,2017-09-08
1622,19,94,NB,640,2017-11-19
1623,56,90,YT,517,2018-03-19
1624,46,91,AB,611,2018-02-14
1625,28,82,NL,582,2018-11-18
1626,38,87,YT,447,2018-06-13
1627,73,96,AB,570,2017-09-26
1628,64,92,NS,613,2018-01-23
1629,82,94,MB,751,2017-11-25
1630,76,81,BC,755,2018-12-05
1631,74,90,ON,682,2018-03-17
1632,23,88,NB,598,2018-05-07
1633,20,94,SK,596,2017-11-09
1634,19,95,NB,641,2017-10-20
1635,78,82,YT,677,2018-11-07
1636,63,93,ON,720,2017-12-08
1637,37,92,YT,608,2018-01-19
1638,34,92,YT,480,2018-01-19
1639,68,78,PE,554,2019-03-21
1640,29,93,NS,487,2017-12-14
1641,70,88,NS,602,2018-05-06
1642,34,95,NU,460,2017-10-25
1643,39,90,AB,687,2018-03-21
1644,63,86,ON,599,2018-07-11
1645,43,93,QC,617,2017-12-17
1646,43,93,NU,623,2017-12-24
1647,82,91,PE,508,2018-01-30
1648,57,78,ON,590,2019-03-06
1649,78,96,NB,625,2017-08-30
1650,60,93,NU,463,2017-12-11
1651,84,93,NL,494,2017-12-10
1652,71,93,ON,746,2017-12-03
1653,50,87,PE,704,2018-06-21
1654,65,94,ON,612,2017-11-17
1655,36,80,ON,510,2018-12-24
1656,29,83,AB,447,2018-10-07
1657,76,80,NU,628,2019-01-17
1658,72,95,QC,619,2017-10-23
1659,69,96,NU,450,2017-09-02
1660,61,88,PE,621,2018-05-16
1661,45,94,NS,527,2017-11-16
1662,34,97,BC,627,2017-08-27
1663,81,86,QC,554,2018-07-01
1664,20,93,QC,691,2017-12-16
1665,78,90,NL,608,2018-03-16
1666,50,89,BC,701,2018-03-31
1667,40,94,NU,627,2017-11-09
1668,43,92,QC,467,2018-01-15
1669,46,92,NB,488,2018-01-03
1670,66,92,YT,627,2017-12-30
1671,61,83,NS,488,2018-10-09
1672,72,95,QC,641,2017-10-01
1673,48,85,NS,603,2018-08-19
1674,69,83,AB,587,2018-10-13
1675,51,83,NU,568,2018-10-05
1676,30,89,NU,537,2018-04-09
1677,78,81,ON,632,2018-11-25
1678,70,93,PE,538,2017-12-24
1679,51,86,AB,512,2018-07-01
1680,56,93,NS,654,2017-12-12
1681,37,84,QC,470,2018-09-19
1682,79,90,BC,476,2018-02-28
1683,20,87,NS,440,2018-06-22
1684,33,82,QC,524,2018-11-06
1685,41,94,NT,705,2017-11-22
1686,38,91,MB,692,2018-01-29
1687,49,92,NL,567,2018-01-23
1688,59,93,NB,599,2017-12-22
1689,36,93,NT,667,2017-12-24
1690,34,89,NB,602,2018-03-27
1691,20,93,SK,664,2017-12-04
1692,81,89,SK,526,2018-04-02
1693,44,71,NU,552,2019-10-01
1694,54,84,AB,627,2018-08-26
1695,29,93,NL,680,2017-12-17
1696,77,92,PE,591,2017-12-30
1697,31,92,NB,517,2018-01-11
1698,60,83,SK,619,2018-10-05
1699,38,87,NL,675,2018-05-30
1700,61,82,ON,533,2018-11-05
1701,50,76,PE,639,2019-04-26
1702,82,86,NS,675,2018-07-24
1703,50,95,NT,634,2017-10-21
1704,58,87,NU,546,2018-06-13
1705,49,94,YT,485,2017-11-05
1706,33,93,NL,549,2017-12-19
1707,50,89,BC,774,2018-04-20
1708,67,89,SK,615,2018-04-06
1709,73,94,YT,574,2017-11-11
1710,78,90,NS,442,2018-03-24
1711,78,93,NS,656,2017-12-18
1712,66,81,SK,669,2018-12-04
1713,60,96,MB,647,2017-09-22
1714,21,86,MB,626,2018-07-19
1715,24,93,YT,659,2017-12-19
1716,47,87,NB,492,2018-05-31
1717,83,94,SK,576,2017-11-20
1718,49,82,NT,679,2018-11-03
1719,53,89,SK,723,2018-03-31
1720,18,87,NB,785,2018-05-29
1721,47,87,NB,660,2018-06-22
1722,57,85,AB,572,2018-08-10
1723,32,87,PE,591,2018-06-08
1724,53,94,QC,672,2017-11-02
1725,31,94,NB,678,2017-11-07
1726,71,86,QC,618,2018-07-01
1727,70,78,BC,545,2019-02-26
1728,54,96,PE,635,2017-09-14
1729,78,94,YT,602,2017-11-25
1730,57,89,PE,613,2018-04-25
1731,55,94,NL,586,2017-11-11
1732,77,94,NT,508,2017-11-19
1733,19,90,AB,618,2018-03-19
1734,76,93,MB,645,2017-12-04
1735,61,78,PE,640,2019-03-09
1736,49,93,NL,524,2017-12-03
1737,78,96,BC,683,2017-09-06
1738,26,95,SK,816,2017-10-18
1739,78,85,NL,696,2018-08-06
1740,65,73,PE,583,2019-08-12
1741,74,93,MB,601,2017-11-28
1742,74,88,NB,492,2018-05-07
1743,39,82,NU,535,2018-11-18
1744,63,95,NT,603,2017-10-26
1745,42,84,NB,489,2018-09-09
1746,40,84,YT,647,2018-08-26
1747,18,91,YT,482,2018-02-01
1748,20,93,NU,521,2017-12-08
1749,41,87,NL,757,2018-06-15
1750,48,93,NT,657,2017-12-24
1751,43,88,ON,587,2018-05-22
1752,76,94,MB,611,2017-11-14
1753,34,85,SK,742,2018-08-20
1754,52,88,ON,579,2018-05-02
1755,65,95,MB,569,2017-10-15
1756,55,95,AB,766,2017-10-14
1757,79,88,SK,591,2018-05-06
1758,52,82,MB,541,2018-11-20
1759,68,91,MB,497,2018-02-18
1760,54,86,NT,456,2018-07-23
1761,73,95,NB,481,2017-09-28
1762,35,83,AB,709,2018-09-25
1763,57,87,MB,607,2018-05-31
1764,69,84,AB,556,2018-09-13
1765,43,95,YT,772,2017-10-13
1766,48,96,BC,740,2017-09-15
1767,35,90,AB,528,2018-02-27
1768,44,96,QC,578,2017-09-25
1769,45,80,YT,481,2018-12-27
1770,68,96,SK,656,2017-09-18
1771,82,85,NB,563,2018-07-26
1772,73,81,NB,681,2018-12-03
1773,18,96,NB,709,2017-08-29
1774,62,87,NB,582,2018-06-12
1775,29,94,MB,508,2017-11-12
1776,44,95,NB,538,2017-10-27
1777,23,89,NT,521,2018-04-15
1778,78,91,NT,569,2018-02-13
1779,27,96,AB,506,2017-09-02
1780,73,87,NU,627,2018-06-20
1781,72,94,QC,501,2017-11-08
1782,43,81,NL,551,2018-12-07
1783,83,89,NS,663,2018-03-28
1784,41,93,PE,592,2017-11-28
1785,22,94,NL,651,2017-10-31
1786,70,89,NL,503,2018-03-30
1787,58,90,AB,673,2018-03-14
1788,44,83,YT,574,2018-09-25
1789,80,95,NB,560,2017-10-05
1790,58,85,MB,645,2018-08-12
1791,67,89,AB,572,2018-04-17
1792,42,93,YT,676,2017-12-18
1793,43,83,NU,583,2018-10-22
1794,37,94,MB,668,2017-11-19
1795,21,94,NT,573,2017-11-01
1796,83,83,NS,549,2018-10-18
1797,40,85,BC,632,2018-08-13
1798,69,88,PE,535,2018-05-24
1799,28,86,BC,705,2018-07-11
1800,80,95,AB,633,2017-10-11
1801,27,87,NB,547,2018-06-06
1802,43,90,PE,565,2018-03-13
1803,64,76,NL,582,2019-05-11
1804,42,96,ON,641,2017-09-20
1805,18,89,QC,511,2018-04-17
1806,56,92,YT,491,2017-12-28
1807,38,86,SK,433,2018-07-20
1808,51,91,ON,572,2018-01-30
1809,58,89,NB,649,2018-04-02
1810,32,95,AB,698,2017-10-07
1811,53,93,NL,631,2017-12-14
1812,39,89,AB,496,2018-03-28
1813,43,93,NB,672,2017-12-15
1814,77,90,NU,764,2018-03-17
1815,31,95,BC,639,2017-10-06
1816,27,91,PE,598,2018-02-15
1817,67,95,ON,444,2017-10-07
1818,39,90,NU,695,2018-03-05
1819,36,94,MB,609,2017-11-22
1820,28,95,NL,540,2017-10-16
1821,78,92,NU,601,2018-01-20
1822,22,93,PE,717,2017-12-26
1823,76,91,PE,635,2018-02-15
1824,27,91,YT,582,2018-02-19
1825,27,84,YT,639,2018-09-20
1826,80,91,NL,681,2018-02-13
1827,76,93,NS,704,2017-12-05
1828,65,89,PE,625,2018-03-28
1829,51,93,YT,486,2017-12-16
1830,70,96,NT,487,2017-09-23
1831,36,79,BC,697,2019-02-12
1832,25,84,NS,488,2018-09-09
1833,64,92,QC,576,2018-01-15
1834,78,93,BC,563,2017-11-29
1835,54,88,NT,575,2018-05-01
1836,46,92,NU,651,2018-01-04
1837,52,76,BC,712,2019-05-09
1838,18,92,AB,587,2017-12-29
1839,24,92,AB,434,2018-01-16
1840,29,84,NS,624,2018-09-18
1841,51,89,QC,655,2018-04-01
1842,23,96,QC,439,2017-09-08
1843,49,88,PE,629,2018-04-26
1844,35,91,YT,699,2018-02-01
1845,32,85,MB,511,2018-08-19
1846,80,86,NB,703,2018-07-04
1847,35,92,QC,547,2017-12-29
1848,65,93,NT,701,2017-11-29
1849,48,87,YT,674,2018-05-31
1850,80,90,NS,731,2018-02-25
1851,71,79,NB,598,2019-02-08
1852,65,80,NT,624,2018-12-23
1853,26,94,NL,643,2017-11-05
1854,78,87,ON,640,2018-06-14
1855,54,90,MB,646,2018-03-07
1856,57,88,MB,521,2018-05-25
1857,26,86,SK,470,2018-07-05
1858,18,90,AB,557,2018-03-19
1859,48,92,QC,639,2017-12-29
1860,43,81,AB,606,2018-11-26
1861,20,92,BC,631,2018-01-13
1862,69,87,NT,631,2018-06-18
1863,54,93,AB,591,2017-12-01
1864,31,83,NU,614,2018-10-18
1865,21,94,PE,598,2017-11-04
1866,74,86,PE,504,2018-07-14
1867,50,89,NB,658,2018-04-19
1868,51,87,NS,683,2018-06-20
1869,29,88,QC,562,2018-05-25
1870,46,83,QC,576,2018-09-23
1871,23,89,NU,716,2018-04-15
1872,58,84,PE,641,2018-08-27
1873,82,81,NS,755,2018-11-28
1874,47,91,YT,517,2018-01-29
1875,56,94,NB,641,2017-11-11
1876,29,97,BC,618,2017-08-23
1877,81,82,SK,579,2018-11-21
1878,53,93,YT,643,2017-12-03
1879,80,95,MB,775,2017-10-20
1880,31,95,SK,516,2017-10-06
1881,70,95,PE,581,2017-10-06
1882,77,88,SK,526,2018-04-28
1883,31,92,MB,659,2017-12-28
1884,75,89,BC,543,2018-04-14
1885,49,92,ON,598,2018-01-15
1886,20,96,NU,697,2017-09-20
1887,79,94,NL,466,2017-11-17
1888,63,89,NB,535,2018-04-24
1889,66,94,AB,556,2017-11-12
1890,73,76,MB,535,2019-05-14
1891,33,86,NB,618,2018-06-29
1892,71,91,BC,567,2018-02-21
1893,23,95,YT,620,2017-09-28
1894,39,87,YT,705,2018-05-29
1895,62,81,PE,611,2018-12-03
1896,30,91,SK,607,2018-02-21
1897,44,90,NL,522,2018-03-16
1898,50,95,YT,558,2017-10-20
1899,71,94,BC,617,2017-11-14
1900,23,87,NS,580,2018-06-12
1901,67,87,ON,690,2018-05-26
1902,65,91,MB,559,2018-02-11
1903,32,97,PE,586,2017-08-25
1904,54,82,NS,697,2018-11-06
1905,21,96,NS,726,2017-08-29
1906,32,95,ON,603,2017-10-08
1907,74,92,BC,575,2018-01-16
1908,70,92,ON,683,2018-01-17
1909,47,91,NU,622,2018-02-21
1910,69,83,QC,635,2018-10-03
1911,32,88,NU,590,2018-05-10
1912,32,88,BC,734,2018-05-08
1913,80,94,BC,520,2017-11-17
1914,69,94,AB,623,2017-11-19
1915,60,86,NB,665,2018-07-21
1916,58,90,NS,479,2018-03-19
1917,84,94,SK,695,2017-11-26
1918,45,95,NT,671,2017-10-17
1919,66,93,MB,571,2017-11-29
1920,32,89,QC,672,2018-04-25
1921,21,88,QC,733,2018-05-22
1922,54,83,MB,585,2018-10-12
1923,43,93,NL,732,2017-12-17
1924,81,90,NT,545,2018-03-03
1925,37,89,ON,483,2018-04-09
1926,19,94,NL,580,2017-10-29
1927,29,92,NL,605,2018-01-13
1928,18,78,YT,621,2019-03-11
1929,35,82,NU,604,2018-10-26
1930,77,91,AB,563,2018-01-26
1931,39,96,NB,608,2017-09-27
1932,52,84,MB,643,2018-09-09
1933,32,87,NT,575,2018-06-12
1934,21,85,NS,621,2018-08-09
1935,54,96,MB,611,2017-09-22
1936,38,86,NS,569,2018-07-18
1937,51,95,SK,522,2017-10-15
1938,23,87,NB,590,2018-06-06
1939,43,91,AB,602,2018-02-20
1940,24,90,PE,509,2018-03-04
1941,45,90,MB,496,2018-03-05
1942,65,91,PE,469,2018-02-03
1943,21,83,MB,492,2018-10-05
1944,61,83,NT,510,2018-10-02
1945,74,96,YT,701,2017-08-30
1946,81,85,MB,538,2018-07-26
1947,77,90,BC,664,2018-03-06
1948,36,87,NB,607,2018-06-06
1949,54,82,MB,692,2018-11-12
1950,47,83,NS,632,2018-10-03
1951,41,86,AB,492,2018-07-06
1952,81,94,QC,377,2017-11-16
1953,30,94,NU,735,2017-11-04
1954,32,79,PE,601,2019-02-16
1955,69,93,SK,590,2017-12-08
1956,19,78,NT,538,2019-03-07
1957,45,86,AB,542,2018-06-27
1958,65,94,NB,557,2017-10-28
1959,48,88,MB,645,2018-04-30
1960,63,87,NB,671,2018-06-21
1961,76,90,ON,431,2018-03-19
1962,70,81,MB,538,2018-12-18
1963,31,92,PE,527,2018-01-19
1964,43,92,MB,581,2018-01-08
1965,40,95,NL,740,2017-10-22
1966,75,90,NB,634,2018-03-01
1967,83,93,MB,304,2017-12-04
1968,61,90,BC,589,2018-03-17
1969,22,85,NT,638,2018-08-22
1970,44,95,AB,606,2017-10-21
1971,37,90,ON,567,2018-03-22
1972,84,96,AB,686,2017-09-17
1973,71,86,NU,494,2018-06-30
1974,78,91,QC,515,2018-01-29
1975,73,95,NB,546,2017-10-05
1976,81,90,NL,744,2018-03-21
1977,30,90,YT,565,2018-03-21
1978,35,87,NB,604,2018-06-19
1979,30,93,NL,614,2017-12-26
1980,36,94,NL,595,2017-11-02
1981,43,94,ON,618,2017-11-20
1982,31,88,NU,680,2018-04-28
1983,46,92,AB,639,2018-01-03
1984,64,86,AB,581,2018-07-03
1985,64,95,NT,616,2017-10-24
1986,50,95,YT,555,2017-10-18
1987,23,90,QC,667,2018-03-21
1988,51,94,ON,689,2017-11-01
1989,26,88,NB,576,2018-04-28
1990,38,93,QC,600,2017-12-09
1991,21,91,BC,642,2018-02-10
1992,47,87,ON,713,2018-06-20
1993,67,93,QC,626,2017-12-06
1994,78,85,PE,658,2018-08-20
1995,76,91,QC,700,2018-02-02
1996,31,82,NU,631,2018-10-25
1997,23,90,NU,620,2018-02-25
1998,57,83,YT,728,2018-10-01
1999,77,89,NB,566,2018-04-03
2000,62,92,QC,543,2018-01-16
2001,45,88,NU,636,2018-05-04
2002,41,96,YT,635,2017-09-21
2003,59,85,SK,658,2018-07-26
2004,32,95,SK,624,2017-10-07
2005,42,97,NU,687,2017-08-22
2006,55,86,PE,647,2018-07-04
2007,32,80,NU,425,2019-01-20
2008,24,92,PE,583,2018-01-11
2009,28,95,SK,540,2017-10-10
2010,68,95,YT,710,2017-09-29
2011,21,95,PE,642,2017-10-02
2012,34,96,YT,582,2017-09-14
2013,78,84,YT,438,2018-09-21
2014,37,85,PE,635,2018-08-11
2015,44,73,AB,557,2019-07-30
2016,40,87,YT,706,2018-06-17
2017,59,83,AB,651,2018-09-26
2018,79,90,QC,686,2018-03-09
2019,26,81,SK,524,2018-12-11
2020,39,90,NB,566,2018-03-08
2021,25,94,SK,654,2017-11-22
2022,26,96,SK,462,2017-09-16
2023,43,91,YT,569,2018-02-21
2024,71,81,BC,605,2018-12-17
2025,35,86,NU,458,2018-07-18
2026,56,90,BC,621,2018-03-26
2027,83,85,PE,671,2018-08-21
2028,80,88,NS,587,2018-04-26
2029,81,88,AB,638,2018-04-26
2030,30,87,NL,663,2018-06-04
2031,82,92,NB,434,2018-01-11
2032,22,77,BC,566,2019-03-23
2033,27,92,SK,592,2018-01-11
2034,77,90,SK,751,2018-03-25
2035,56,79,NS,609,2019-02-19
2036,34,93,NS,633,2017-12-06
2037,77,92,AB,708,2018-01-21
2038,84,90,BC,654,2018-03-12
2039,61,90,NB,564,2018-03-25
2040,82,73,YT,565,2019-08-17
2041,72,88,NB,645,2018-04-28
2042,63,89,PE,733,2018-03-28
2043,65,81,PE,631,2018-12-17
2044,38,69,NL,569,2019-12-02
2045,19,93,MB,724,2017-12-17
2046,59,73,SK,764,2019-07-25
2047,59,87,PE,688,2018-05-30
2048,51,93,NL,516,2017-12-10
2049,57,89,NU,658,2018-04-15
2050,82,90,NT,478,2018-03-03
2051,41,92,NS,550,2018-01-09
2052,68,94,SK,548,2017-11-20
2053,26,92,NU,566,2018-01-09
2054,18,84,PE,674,2018-09-12
2055,29,88,YT,632,2018-05-20
2056,32,95,ON,610,2017-10-23
2057,20,72,AB,503,2019-08-23
2058,36,95,PE,574,2017-10-27
2059,50,95,SK,548,2017-10-12
2060,41,91,NL,547,2018-02-12
2061,61,96,QC,575,2017-09-27
2062,73,89,NS,533,2018-04-04
2063,28,91,SK,703,2018-02-05
2064,20,91,NB,669,2018-01-27
2065,23,77,NU,573,2019-04-01
2066,30,95,AB,692,2017-10-03
2067,35,90,NT,698,2018-03-13
2068,31,95,NB,582,2017-10-13
2069,46,91,NL,594,2018-02-10
2070,44,93,YT,689,2017-12-04
2071,32,92,QC,627,2018-01-02
2072,34,96,NS,541,2017-09-14
2073,81,90,ON,592,2018-02-27
2074,24,94,NT,544,2017-11-02
2075,21,94,SK,723,2017-10-28
2076,55,88,SK,455,2018-05-05
2077,53,88,NL,635,2018-05-20
2078,30,82,NL,728,2018-11-16
2079,74,76,PE,781,2019-05-02
2080,50,91,QC,601,2018-02-23
2081,79,90,AB,460,2018-02-28
2082,34,92,AB,551,2018-01-07
2083,28,95,BC,546,2017-10-02
2084,73,84,MB,609,2018-08-25
2085,33,95,MB,540,2017-10-16
2086,24,95,NU,755,2017-10-23
2087,46,95,AB,479,2017-10-25
2088,77,92,YT,523,2018-01-15
2089,26,74,PE,564,2019-07-09
2090,72,88,NS,672,2018-05-08
2091,25,87,NU,636,2018-06-08
2092,42,94,YT,648,2017-11-26
2093,67,95,YT,572,2017-10-15
2094,65,80,AB,611,2019-01-01
2095,25,84,NB,627,2018-09-09
2096,80,62,AB,575,2020-06-26
2097,24,96,NB,694,2017-09-14
2098,70,91,NL,632,2018-01-31
2099,44,78,YT,647,2019-03-17
2100,59,94,MB,609,2017-11-01
2101,48,88,BC,571,2018-05-09
2102,38,92,BC,506,2018-01-18
2103,71,90,NT,552,2018-03-26
2104,46,82,YT,662,2018-10-31
2105,23,89,PE,662,2018-04-21
2106,49,85,QC,602,2018-08-05
2107,76,87,AB,590,2018-06-15
2108,22,84,NB,764,2018-09-14
2109,71,92,PE,638,2018-01-02
2110,65,94,YT,515,2017-11-02
2111,23,91,QC,581,2018-01-29
2112,30,91,AB,569,2018-01-28
2113,53,94,BC,694,2017-11-10
2114,77,92,YT,648,2018-01-17
2115,50,89,NT,557,2018-04-09
2116,82,81,YT,511,2018-12-04
2117,47,96,MB,423,2017-09-19
2118,65,96,QC,615,2017-09-01
2119,22,91,PE,623,2018-02-01
2120,41,93,NT,575,2017-12-21
2121,33,92,NB,622,2018-01-05
2122,62,70,BC,604,2019-10-25
2123,56,87,NL,514,2018-05-31
2124,71,70,MB,544,2019-10-28
2125,55,86,YT,607,2018-07-24
2126,60,90,NU,560,2018-03-21
2127,78,94,AB,604,2017-11-25
2128,79,91,QC,490,2018-02-13
2129,81,91,YT,465,2018-02-24
2130,61,93,NT,617,2017-12-22
2131,65,91,NT,647,2018-02-06
2132,26,90,YT,578,2018-03-15
2133,61,90,NL,564,2018-03-19
2134,57,95,NB,456,2017-10-07
2135,67,89,YT,554,2018-04-23
2136,59,80,YT,705,2019-01-01
2137,75,90,MB,457,2018-03-14
2138,50,88,NL,753,2018-05-02
2139,32,82,AB,583,2018-11-05
2140,61,94,NS,582,2017-11-19
2141,47,95,AB,509,2017-10-01
2142,35,88,BC,462,2018-05-06
2143,39,93,QC,589,2017-12-04
2144,23,86,ON,694,2018-07-14
2145,47,93,AB,718,2017-12-12
2146,30,96,NU,597,2017-09-04
2147,51,90,SK,671,2018-03-12
2148,69,91,ON,653,2018-02-11
2149,45,94,ON,636,2017-11-23
2150,79,90,QC,534,2018-02-26
2151,38,93,QC,581,2017-12-26
2152,65,83,NB,437,2018-10-22
2153,83,94,BC,570,2017-10-31
2154,20,95,NU,676,2017-10-19
2155,52,89,NB,659,2018-04-04
2156,61,89,NL,304,2018-04-13
2157,52,95,NU,602,2017-10-18
2158,40,68,NL,666,2019-12-31
2159,41,86,NT,601,2018-06-25
2160,84,86,NL,607,2018-07-01
2161,20,89,NS,703,2018-04-15
2162,43,86,YT,522,2018-07-15
2163,47,96,AB,458,2017-09-19
2164,30,93,NU,802,2017-12-07
2165,64,89,PE,703,2018-04-10
2166,31,83,QC,569,2018-10-16
2167,43,95,PE,690,2017-10-17
2168,18,95,MB,623,2017-10-01
2169,69,87,QC,650,2018-06-16
2170,63,86,QC,620,2018-06-26
2171,34,95,QC,599,2017-10-26
2172,23,94,NT,540,2017-11-22
2173,28,93,NU,529,2017-12-05
2174,22,92,PE,624,2018-01-10
2175,74,93,NU,559,2017-12-04
2176,20,94,QC,617,2017-11-04
2177,36,92,NT,670,2017-12-30
2178,20,78,SK,672,2019-03-07
2179,71,95,NS,670,2017-10-27
2180,54,82,MB,710,2018-10-29
2181,84,95,AB,699,2017-10-12
2182,18,93,YT,529,2017-12-03
2183,76,89,NT,551,2018-04-06
2184,37,87,ON,501,2018-06-17
2185,51,91,SK,461,2018-02-08
2186,48,92,PE,501,2018-01-22
2187,54,96,BC,608,2017-09-22
2188,67,78,NU,530,2019-02-25
2189,49,91,NT,611,2018-01-31
2190,26,87,NU,717,2018-05-27
2191,80,87,SK,569,2018-06-05
2192,41,93,ON,630,2017-12-24
2193,24,94,NL,519,2017-11-24
2194,44,90,ON,654,2018-03-19
2195,42,92,BC,427,2018-01-12
2196,33,93,NU,615,2017-12-13
2197,82,84,NU,521,2018-09-15
2198,82,77,SK,660,2019-04-18
2199,30,89,ON,576,2018-04-05
2200,49,88,AB,697,2018-05-21
2201,77,92,YT,688,2018-01-16
2202,74,92,PE,777,2018-01-22
2203,29,90,SK,685,2018-03-15
2204,31,89,SK,432,2018-04-10
2205,50,91,NU,753,2018-02-02
2206,54,86,BC,492,2018-07-11
2207,57,92,NU,543,2018-01-19
2208,55,86,MB,636,2018-06-30
2209,42,95,NL,713,2017-10-14
2210,47,92,NL,731,2018-01-07
2211,65,96,MB,612,2017-09-12
2212,56,92,QC,553,2018-01-09
2213,73,94,ON,647,2017-11-16
2214,33,85,NU,605,2018-08-16
2215,53,88,PE,538,2018-05-23
2216,74,97,QC,622,2017-08-26
2217,33,91,BC,451,2018-02-19
2218,55,82,NS,585,2018-10-25
2219,39,78,YT,588,2019-03-13
2220,65,87,SK,652,2018-06-01
2221,74,92,AB,528,2018-01-09
2222,18,90,NL,547,2018-03-16
2223,62,92,NB,517,2018-01-18
2224,41,87,NT,498,2018-06-23
2225,70,84,NL,802,2018-09-12
2226,68,94,NB,486,2017-10-31
2227,78,93,BC,646,2017-12-12
2228,66,87,NB,642,2018-06-22
2229,45,88,NU,736,2018-05-13
2230,78,87,QC,516,2018-06-05
2231,76,95,BC,494,2017-10-18
2232,48,91,SK,525,2018-01-30
2233,56,89,NL,646,2018-04-23
2234,65,91,QC,591,2018-01-26
2235,81,95,MB,583,2017-10-02
2236,59,81,NB,672,2018-12-13
2237,31,90,ON,492,2018-02-28
2238,53,92,SK,632,2017-12-29
2239,65,91,AB,662,2018-02-08
2240,63,84,NS,603,2018-09-22
2241,73,96,MB,570,2017-09-06
2242,43,91,NS,586,2018-01-30
2243,33,90,MB,704,2018-03-10
2244,44,82,NL,499,2018-11-02
2245,47,81,AB,604,2018-12-04
2246,52,93,ON,781,2017-12-20
2247,68,90,MB,585,2018-03-14
2248,51,91,NB,667,2018-02-06
2249,34,94,AB,556,2017-11-02
2250,67,77,ON,622,2019-04-17
2251,30,93,NS,566,2017-12-22
2252,62,88,AB,621,2018-05-21
2253,72,87,NB,692,2018-06-03
2254,64,70,NT,631,2019-10-19
2255,41,90,YT,625,2018-03-15
2256,35,93,AB,599,2017-12-26
2257,44,95,NU,685,2017-10-13
2258,34,92,QC,690,2018-01-08
2259,40,94,QC,526,2017-11-01
2260,71,89,NS,603,2018-04-04
2261,52,96,BC,581,2017-09-05
2262,36,94,SK,559,2017-11-13
2263,76,95,NT,655,2017-10-10
2264,56,89,QC,571,2018-04-11
2265,73,94,NU,755,2017-11-19
2266,21,93,NT,776,2017-12-05
2267,48,83,SK,634,2018-10-18
2268,72,92,SK,604,2017-12-29
2269,49,92,PE,675,2018-01-17
2270,38,90,NS,719,2018-03-22
2271,69,92,NB,634,2018-01-23
2272,33,58,NS,536,2020-10-15
2273,29,94,BC,584,2017-11-02
2274,66,87,ON,395,2018-06-10
2275,42,96,QC,523,2017-09-17
2276,68,95,NL,604,2017-10-27
2277,56,74,NT,511,2019-06-20
2278,56,96,PE,620,2017-09-25
2279,30,82,NL,598,2018-11-09
2280,25,95,MB,675,2017-10-06
2281,44,91,NB,531,2018-02-21
2282,68,93,NU,543,2017-12-13
2283,28,94,BC,561,2017-11-15
2284,69,81,ON,667,2018-12-14
2285,46,89,BC,520,2018-04-04
2286,40,95,NB,679,2017-10-02
2287,25,94,NS,536,2017-11-11
2288,67,90,ON,571,2018-03-11
2289,54,93,MB,536,2017-12-14
2290,77,76,YT,685,2019-04-27
2291,82,80,NU,633,2019-01-16
2292,36,90,PE,457,2018-03-13
2293,83,88,SK,558,2018-05-21
2294,77,94,NB,667,2017-11-03
2295,30,95,NB,658,2017-10-25
2296,37,82,SK,697,2018-10-28
2297,29,90,PE,553,2018-02-28
2298,75,96,NL,527,2017-09-04
2299,18,70,NS,570,2019-11-14
2300,72,88,YT,705,2018-05-08
2301,71,94,NL,587,2017-11-17
2302,29,89,PE,561,2018-04-03
2303,34,83,ON,560,2018-10-09
2304,28,92,NT,589,2018-01-06
2305,83,91,QC,613,2018-02-04
2306,65,94,BC,745,2017-11-04
2307,50,90,MB,582,2018-03-21
2308,66,89,NS,492,2018-04-12
2309,77,87,PE,453,2018-05-26
2310,42,94,AB,612,2017-11-23
2311,47,92,ON,478,2017-12-27
2312,74,79,PE,550,2019-02-04
2313,31,87,MB,622,2018-06-12
2314,57,56,QC,535,2020-12-22
2315,43,96,YT,574,2017-09-10
2316,47,93,YT,636,2017-12-18
2317,55,82,NB,565,2018-10-31
2318,23,91,NL,617,2018-01-26
2319,31,89,AB,632,2018-04-24
2320,60,84,NB,594,2018-08-31
2321,77,90,NL,476,2018-03-20
2322,35,88,NL,651,2018-05-17
2323,68,90,NL,776,2018-02-27
2324,55,90,NU,538,2018-03-18
2325,51,92,NL,696,2017-12-28
2326,60,92,NL,513,2018-01-09
2327,37,88,NS,526,2018-05-03
2328,45,93,MB,587,2017-12-15
2329,52,93,SK,587,2017-11-27
2330,70,96,NS,643,2017-09-18
2331,60,88,YT,570,2018-05-23
2332,62,83,MB,544,2018-09-30
2333,53,79,AB,704,2019-01-23
2334,23,94,BC,539,2017-11-03
2335,58,79,NT,474,2019-02-13
2336,27,86,NS,586,2018-07-18
2337,46,81,AB,504,2018-12-18
2338,54,89,NU,636,2018-04-24
2339,71,90,NB,626,2018-03-09
2340,36,89,AB,808,2018-03-29
2341,73,85,ON,517,2018-08-19
2342,45,86,NT,647,2018-07-02
2343,68,90,YT,558,2018-03-05
2344,75,95,YT,631,2017-10-01
2345,35,88,NB,557,2018-05-17
2346,62,92,NU,785,2018-01-10
2347,71,94,PE,530,2017-11-20
2348,72,82,NT,553,2018-10-24
2349,42,89,NU,446,2018-04-05
2350,56,86,AB,502,2018-06-26
2351,45,95,QC,617,2017-10-25
2352,47,89,NS,610,2018-04-06
2353,34,93,AB,698,2017-12-17
2354,18,88,NL,691,2018-05-04
2355,26,95,AB,533,2017-10-16
2356,36,92,YT,744,2017-12-28
2357,44,78,QC,450,2019-03-18
2358,75,85,NU,602,2018-08-01
2359,26,86,YT,421,2018-07-14
2360,49,84,SK,682,2018-08-29
2361,25,88,NT,540,2018-05-11
2362,63,94,SK,564,2017-11-17
2363,61,86,YT,598,2018-07-22
2364,62,89,QC,500,2018-04-18
2365,23,91,NU,761,2018-02-21
2366,23,80,QC,644,2018-12-25
2367,62,94,NB,500,2017-11-09
2368,60,95,NT,670,2017-10-24
2369,65,88,NU,659,2018-05-04
2370,26,88,SK,506,2018-04-28
2371,45,96,NS,562,2017-09-27
2372,25,94,BC,569,2017-11-02
2373,34,90,ON,607,2018-03-15
2374,73,82,NS,730,2018-11-21
2375,19,88,NU,631,2018-05-08
2376,44,91,ON,676,2018-02-16
2377,67,85,NS,595,2018-07-31
2378,45,84,AB,681,2018-09-12
2379,67,95,BC,596,2017-10-27
2380,24,89,NL,802,2018-04-05
2381,41,91,MB,764,2018-02-21
2382,27,96,NL,607,2017-09-22
2383,44,76,SK,665,2019-04-24
2384,44,94,BC,574,2017-11-06
2385,24,89,NS,740,2018-04-03
2386,57,93,NU,583,2017-12-23
2387,79,85,YT,527,2018-08-11
2388,77,87,ON,565,2018-06-12
2389,31,92,BC,612,2018-01-23
2390,72,89,AB,614,2018-04-11
2391,67,94,NU,711,2017-11-26
2392,51,91,NS,552,2018-02-07
2393,67,92,YT,620,2018-01-01
2394,42,91,AB,631,2018-01-28
2395,78,85,BC,510,2018-07-30
2396,82,91,NB,620,2018-01-30
2397,22,88,NU,511,2018-05-24
2398,74,94,AB,624,2017-11-03
2399,34,86,MB,545,2018-07-02
2400,25,92,MB,566,2018-01-01
2401,77,89,NT,550,2018-04-12
2402,59,91,SK,686,2018-02-12
2403,82,82,MB,767,2018-10-25
2404,63,90,AB,453,2018-03-04
2405,62,91,QC,555,2018-02-16
2406,54,94,SK,529,2017-11-21
2407,22,91,NT,424,2018-01-26
2408,23,95,SK,575,2017-10-10
2409,61,83,AB,646,2018-10-02
2410,42,85,NU,600,2018-08-16
2411,76,82,NL,715,2018-10-23
2412,78,94,BC,703,2017-11-13
2413,82,79,NU,530,2019-01-24
2414,22,95,NB,664,2017-10-24
2415,28,91,NT,541,2018-01-26
2416,55,91,MB,559,2018-01-27
2417,42,79,NB,617,2019-02-06
2418,81,86,MB,735,2018-06-30
2419,37,91,PE,376,2018-01-30
2420,58,88,QC,541,2018-05-11
2421,20,95,NL,611,2017-09-29
2422,26,90,BC,643,2018-03-15
2423,69,84,AB,614,2018-09-06
2424,37,91,NB,562,2018-02-18
2425,64,88,NB,535,2018-05-11
2426,22,90,AB,546,2018-03-06
2427,22,91,YT,524,2018-02-15
2428,81,93,BC,632,2017-12-03
2429,73,94,BC,413,2017-11-03
2430,35,94,SK,601,2017-11-19
2431,75,89,PE,730,2018-04-01
2432,31,94,NT,666,2017-11-18
2433,69,91,MB,649,2018-02-07
2434,68,95,QC,564,2017-10-13
2435,79,91,NT,584,2018-02-19
2436,68,93,SK,556,2017-12-02
2437,36,81,AB,473,2018-11-30
2438,21,88,SK,761,2018-05-24
2439,78,95,NS,740,2017-10-07
2440,61,95,NT,646,2017-10-27
2441,61,93,AB,604,2017-12-05
2442,48,84,PE,520,2018-09-08
2443,78,87,MB,562,2018-06-11
2444,23,76,BC,603,2019-04-27
2445,66,91,YT,657,2018-02-05
2446,48,91,NU,640,2018-01-27
2447,42,93,NS,729,2017-12-14
2448,83,93,NB,620,2017-11-28
2449,79,96,YT,509,2017-09-10
2450,55,92,YT,512,2018-01-06
2451,39,87,MB,508,2018-06-14
2452,69,92,AB,692,2018-01-22
2453,26,94,NL,457,2017-11-04
2454,57,87,NU,474,2018-06-11
2455,25,88,NT,594,2018-05-24
2456,32,82,YT,679,2018-11-08
2457,74,90,QC,621,2018-03-13
2458,48,94,NS,509,2017-11-03
2459,79,89,QC,510,2018-03-28
2460,67,80,PE,539,2018-12-30
2461,30,95,YT,607,2017-10-09
2462,84,90,NU,612,2018-03-17
2463,74,69,SK,487,2019-11-23
2464,82,89,NS,556,2018-04-20
2465,47,85,QC,651,2018-08-15
2466,76,89,NB,588,2018-04-15
2467,51,92,ON,641,2018-01-19
2468,49,96,NU,568,2017-09-12
2469,53,88,YT,529,2018-05-08
2470,34,95,AB,561,2017-09-30
2471,39,92,AB,615,2018-01-20
2472,70,89,MB,566,2018-03-28
2473,49,90,PE,432,2018-03-24
2474,31,88,NS,592,2018-04-26
2475,80,78,PE,625,2019-03-18
2476,53,79,QC,481,2019-01-27
2477,40,79,YT,586,2019-02-19
2478,31,88,SK,610,2018-05-17
2479,25,92,AB,436,2018-01-14
2480,46,91,AB,567,2018-02-14
2481,65,89,SK,716,2018-04-01
2482,29,95,NU,646,2017-10-23
2483,33,83,NB,614,2018-09-24
2484,68,92,PE,725,2018-01-12
2485,23,92,QC,607,2018-01-21
2486,82,86,NL,621,2018-07-23
2487,79,93,AB,676,2017-12-02
2488,73,91,MB,647,2018-02-10
2489,47,82,AB,553,2018-11-16
2490,39,92,YT,762,2018-01-13
2491,60,86,BC,644,2018-06-25
2492,28,95,ON,454,2017-10-25
2493,57,85,NB,613,2018-08-21
2494,68,84,NS,453,2018-09-15
2495,72,94,NT,597,2017-11-19
2496,28,89,QC,626,2018-03-29
2497,36,90,SK,610,2018-03-12
2498,25,87,NL,505,2018-06-07
2499,75,95,MB,539,2017-10-27
2500,65,85,NL,490,2018-08-23
2501,64,89,NB,552,2018-04-02
2502,64,92,BC,675,2017-12-29
2503,18,69,NU,619,2019-12-01
2504,73,88,BC,619,2018-05-08
2505,51,94,NT,573,2017-11-06
2506,34,85,SK,558,2018-07-28
2507,20,91,ON,550,2018-02-18
2508,23,91,PE,546,2018-02-11
2509,36,94,BC,674,2017-11-01
2510,46,95,NT,533,2017-09-29
2511,28,95,SK,637,2017-10-25
2512,79,74,ON,640,2019-07-08
2513,55,91,NB,607,2018-02-22
2514,55,96,QC,570,2017-09-04
2515,56,77,NB,634,2019-04-18
2516,49,88,SK,589,2018-05-02
2517,25,92,QC,693,2018-01-14
2518,53,85,NT,476,2018-08-22
2519,71,88,SK,656,2018-04-26
2520,33,90,NB,682,2018-03-20
2521,62,94,NU,612,2017-11-09
2522,24,93,YT,593,2017-12-20
2523,37,94,AB,669,2017-11-26
2524,75,89,YT,665,2018-04-21
2525,39,91,AB,634,2018-02-11
2526,40,90,NT,673,2018-02-25
2527,24,94,NB,513,2017-11-21
2528,49,94,NL,651,2017-10-28
2529,66,95,NL,671,2017-10-12
2530,49,88,BC,539,2018-05-20
2531,44,94,BC,683,2017-11-16
2532,83,94,QC,779,2017-11-08
2533,34,84,NT,712,2018-09-01
2534,78,91,NT,614,2018-02-04
2535,51,90,NT,429,2018-03-12
2536,27,89,YT,579,2018-04-22
2537,68,92,QC,510,2018-01-09
2538,82,92,NU,575,2018-01-25
2539,48,77,AB,514,2019-04-08
2540,39,91,NL,571,2018-02-17
2541,43,90,ON,532,2018-03-24
2542,54,88,NB,486,2018-05-12
2543,63,85,ON,589,2018-08-06
2544,83,88,NU,652,2018-05-04
2545,75,79,QC,564,2019-02-10
2546,48,91,ON,454,2018-02-10
2547,40,84,NU,666,2018-09-05
2548,37,93,SK,680,2017-11-27
2549,35,91,NS,630,2018-02-13
2550,24,83,AB,561,2018-09-26
2551,41,85,NL,642,2018-08-06
2552,44,84,PE,584,2018-09-14
2553,20,86,AB,517,2018-07-05
2554,69,85,SK,559,2018-08-22
2555,78,89,NU,489,2018-04-13
2556,82,91,NL,448,2018-02-17
2557,22,89,QC,623,2018-04-10
2558,41,92,PE,481,2018-01-21
2559,67,93,NB,734,2017-12-08
2560,31,88,NB,509,2018-05-17
2561,56,91,BC,528,2018-02-08
2562,34,89,MB,544,2018-04-09
2563,23,95,NT,669,2017-10-27
2564,45,76,NT,553,2019-04-22
2565,32,84,SK,558,2018-09-01
2566,69,73,NL,723,2019-08-04
2567,70,88,MB,476,2018-05-24
2568,47,92,NU,625,2018-01-11
2569,81,91,MB,553,2018-02-14
2570,49,89,PE,437,2018-04-01
2571,72,84,NB,300,2018-08-28
2572,84,83,QC,623,2018-10-06
2573,62,94,AB,572,2017-11-08
2574,79,80,YT,602,2019-01-07
2575,25,87,NB,550,2018-06-09
2576,21,82,SK,653,2018-11-05
2577,72,73,SK,593,2019-08-11
2578,67,80,YT,561,2018-12-29
2579,43,90,NL,666,2018-03-24
2580,72,87,AB,478,2018-06-21
2581,38,89,QC,478,2018-03-27
2582,23,93,NU,551,2017-12-24
2583,72,85,NL,619,2018-08-03
2584,56,92,YT,459,2018-01-10
2585,75,86,PE,635,2018-07-02
2586,52,92,QC,469,2018-01-24
2587,53,90,NU,790,2018-03-16
2588,81,91,QC,439,2018-01-31
2589,32,90,MB,715,2018-03-17
2590,51,89,NL,587,2018-04-21
2591,48,86,NS,626,2018-06-28
2592,49,91,NB,568,2018-02-19
2593,56,88,NL,640,2018-05-23
2594,48,91,QC,594,2018-02-08
2595,41,85,BC,554,2018-08-22
2596,35,96,QC,584,2017-09-04
2597,18,92,QC,583,2018-01-09
2598,18,83,AB,660,2018-09-30
2599,53,77,NT,561,2019-03-25
2600,62,95,ON,678,2017-10-24
2601,27,89,AB,670,2018-04-15
2602,48,81,NL,584,2018-12-17
2603,68,86,BC,652,2018-06-26
2604,31,89,NB,608,2018-04-13
2605,34,94,BC,566,2017-11-16
2606,76,95,ON,457,2017-10-05
2607,83,86,YT,782,2018-07-05
2608,38,91,NL,617,2018-02-08
2609,42,90,BC,652,2018-02-25
2610,54,91,QC,527,2018-02-15
2611,26,79,YT,630,2019-01-24
2612,61,91,BC,594,2018-02-24
2613,32,88,PE,598,2018-05-02
2614,73,94,NL,476,2017-10-31
2615,34,81,NB,465,2018-12-15
2616,72,69,NL,715,2019-12-11
2617,43,90,YT,510,2018-03-14
2618,69,85,QC,662,2018-08-06
2619,48,96,PE,719,2017-09-12
2620,80,96,PE,634,2017-09-25
2621,21,91,QC,445,2018-01-29
2622,80,87,QC,570,2018-06-23
2623,69,93,YT,450,2017-12-11
2624,67,92,PE,631,2018-01-06
2625,82,79,NT,565,2019-02-14
2626,83,92,PE,667,2018-01-11
2627,60,74,AB,607,2019-06-25
2628,34,92,PE,475,2018-01-06
2629,32,87,NS,625,2018-06-24
2630,30,92,NS,512,2018-01-12
2631,74,77,NB,639,2019-04-13
2632,65,89,NS,563,2018-04-17
2633,34,75,YT,523,2019-06-19
2634,61,82,NU,670,2018-11-09
2635,63,93,PE,676,2017-12-04
2636,52,88,BC,553,2018-05-02
2637,57,92,YT,549,2017-12-29
2638,78,82,ON,545,2018-11-04
2639,72,89,NU,648,2018-04-11
2640,39,93,PE,669,2017-12-19
2641,35,90,MB,554,2018-02-25
2642,24,90,PE,666,2018-03-16
2643,25,83,YT,632,2018-09-27
2644,65,94,NS,760,2017-10-28
2645,23,81,SK,482,2018-12-16
2646,69,87,YT,573,2018-06-24
2647,79,94,NL,613,2017-11-07
2648,49,89,BC,614,2018-04-24
2649,37,90,YT,586,2018-03-13
2650,61,95,BC,390,2017-10-04
2651,69,92,SK,706,2018-01-19
2652,24,95,ON,596,2017-10-02
2653,81,74,NU,535,2019-07-17
2654,24,91,NU,472,2018-01-29
2655,69,77,YT,544,2019-04-01
2656,38,97,MB,533,2017-08-24
2657,35,87,BC,627,2018-06-22
2658,42,88,SK,628,2018-05-02
2659,64,92,NB,733,2018-01-15
2660,49,95,NT,583,2017-09-28
2661,59,95,NS,565,2017-10-22
2662,49,86,QC,626,2018-06-28
2663,37,93,SK,537,2017-12-17
2664,61,92,MB,679,2017-12-27
2665,46,92,SK,673,2018-01-02
2666,54,85,SK,601,2018-08-20
2667,61,89,ON,516,2018-04-17
2668,83,85,AB,533,2018-08-18
2669,34,92,PE,673,2018-01-20
2670,46,91,QC,689,2018-02-09
2671,37,87,AB,684,2018-06-14
2672,20,96,NT,712,2017-09-13
2673,22,87,AB,550,2018-06-05
2674,24,84,NT,639,2018-08-26
2675,56,88,AB,586,2018-05-09
2676,57,82,MB,676,2018-10-31
2677,60,91,QC,659,2018-02-15
2678,26,88,NU,574,2018-05-20
2679,23,80,AB,451,2019-01-14
2680,48,96,NL,767,2017-09-23
2681,47,91,NL,588,2018-02-23
2682,56,95,NB,622,2017-10-08
2683,49,91,AB,695,2018-02-09
2684,57,94,ON,658,2017-10-30
2685,63,82,SK,493,2018-11-04
2686,43,80,NB,603,2018-12-29
2687,52,90,BC,575,2018-03-13
2688,35,75,SK,679,2019-05-24
2689,24,94,ON,733,2017-11-12
2690,56,92,QC,441,2018-01-08
2691,79,91,NB,640,2018-02-18
2692,24,92,NS,603,2018-01-07
2693,50,96,BC,656,2017-09-09
2694,26,74,MB,694,2019-07-15
2695,52,81,PE,649,2018-11-28
2696,34,95,MB,635,2017-10-23
2697,77,85,ON,698,2018-08-06
2698,79,76,QC,547,2019-05-08
2699,71,93,AB,462,2017-12-14
2700,67,94,PE,673,2017-11-11
2701,31,90,NT,535,2018-02-26
2702,79,84,AB,555,2018-08-24
2703,79,77,ON,739,2019-04-13
2704,25,95,NU,658,2017-10-04
2705,27,88,QC,697,2018-05-25
2706,20,79,SK,579,2019-02-04
2707,34,91,NL,605,2018-02-04
2708,24,85,SK,688,2018-08-23
2709,45,88,SK,532,2018-05-14
2710,50,94,BC,572,2017-10-31
2711,22,88,SK,699,2018-05-24
2712,73,96,NS,567,2017-09-21
2713,76,82,NB,474,2018-11-05
2714,72,91,MB,605,2018-02-09
2715,70,89,NL,707,2018-04-13
2716,46,93,SK,588,2017-12-03
2717,22,83,ON,638,2018-10-14
2718,21,95,ON,639,2017-10-07
2719,62,80,PE,582,2018-12-25
2720,22,95,AB,690,2017-10-25
2721,48,96,NS,680,2017-09-16
2722,73,86,NS,486,2018-07-20
2723,64,94,BC,763,2017-11-19
2724,82,87,SK,753,2018-06-09
2725,25,79,PE,593,2019-02-02
2726,58,96,YT,581,2017-09-23
2727,71,89,YT,605,2018-04-18
2728,83,78,SK,713,2019-03-07
2729,74,91,BC,582,2018-02-09
2730,47,95,NL,648,2017-10-25
2731,21,88,NS,704,2018-05-17
2732,69,81,NB,610,2018-12-08
2733,64,93,MB,592,2017-12-01
2734,26,94,QC,621,2017-11-14
2735,31,89,BC,631,2018-04-05
2736,68,86,NT,718,2018-06-27
2737,56,86,AB,529,2018-07-14
2738,47,88,NU,492,2018-05-24
2739,84,95,MB,375,2017-10-01
2740,41,91,AB,510,2018-02-10
2741,61,94,NS,603,2017-10-30
2742,24,87,MB,535,2018-06-10
2743,22,95,NS,513,2017-10-12
2744,42,95,PE,573,2017-10-16
2745,70,91,NL,577,2018-02-12
2746,56,87,ON,525,2018-06-11
2747,76,84,AB,566,2018-09-14
2748,58,89,NL,555,2018-04-06
2749,48,91,BC,616,2018-02-12
2750,25,87,NB,555,2018-06-20
2751,37,92,MB,714,2018-01-16
2752,80,90,NL,556,2018-03-26
2753,79,96,SK,495,2017-09-25
2754,56,88,NU,661,2018-05-15
2755,83,92,NL,617,2018-01-13
2756,45,95,BC,583,2017-10-07
2757,68,88,PE,660,2018-05-06
2758,81,89,YT,637,2018-04-02
2759,31,82,PE,465,2018-11-11
2760,82,85,NB,532,2018-07-25
2761,36,88,QC,450,2018-05-11
2762,80,85,NB,626,2018-08-09
2763,51,95,MB,570,2017-10-22
2764,74,80,AB,629,2019-01-12
2765,81,88,NU,613,2018-05-07
2766,28,84,AB,640,2018-09-04
2767,27,94,NL,642,2017-10-31
2768,83,95,AB,602,2017-10-05
2769,48,94,NU,609,2017-10-30
2770,67,90,QC,715,2018-03-06
2771,78,91,ON,623,2018-02-05
2772,32,80,PE,650,2019-01-08
2773,22,88,NL,644,2018-05-11
2774,43,82,MB,563,2018-10-30
2775,42,92,NL,550,2018-01-15
2776,58,93,NS,511,2017-12-16
2777,32,81,NS,594,2018-12-17
2778,39,93,NS,590,2017-12-08
2779,84,90,QC,561,2018-03-01
2780,74,95,NT,458,2017-10-15
2781,79,85,AB,531,2018-08-08
2782,67,92,NU,673,2018-01-11
2783,60,95,SK,642,2017-10-05
2784,72,94,NL,585,2017-11-01
2785,68,95,SK,464,2017-10-01
2786,70,95,QC,626,2017-10-15
2787,78,84,PE,634,2018-08-30
2788,35,84,NL,510,2018-09-18
2789,58,93,QC,658,2017-12-01
2790,62,96,AB,700,2017-09-13
2791,62,84,PE,589,2018-08-31
2792,49,93,AB,544,2017-11-28
2793,42,96,QC,568,2017-09-23
2794,77,90,MB,567,2018-03-02
2795,43,93,PE,757,2017-12-04
2796,28,88,NT,680,2018-05-01
2797,70,94,BC,687,2017-11-24
2798,47,86,PE,585,2018-07-05
2799,31,90,AB,462,2018-03-21
2800,44,83,NL,530,2018-10-01
2801,26,89,NL,685,2018-03-31
2802,25,92,NL,628,2018-01-12
2803,46,74,SK,624,2019-06-28
2804,43,85,NT,592,2018-08-17
2805,65,69,PE,653,2019-11-25
2806,20,87,BC,412,2018-06-23
2807,68,93,SK,669,2017-12-15
2808,69,89,NS,576,2018-04-12
2809,27,92,AB,601,2018-01-19
2810,38,88,AB,631,2018-04-29
2811,43,94,YT,734,2017-11-04
2812,53,87,NB,544,2018-05-31
2813,54,95,MB,594,2017-10-17
2814,30,77,PE,560,2019-04-12
2815,42,92,BC,571,2018-01-25
2816,59,81,NU,662,2018-11-29
2817,62,94,NT,642,2017-10-30
2818,74,89,NT,467,2018-04-15
2819,84,90,YT,731,2018-03-11
2820,46,84,NS,591,2018-09-21
2821,48,90,PE,552,2018-03-22
2822,29,90,SK,541,2018-03-23
2823,78,87,BC,586,2018-05-26
2824,23,94,YT,665,2017-11-03
2825,39,90,NU,537,2018-03-12
2826,26,86,NU,661,2018-07-10
2827,75,79,PE,679,2019-01-27
2828,25,94,PE,653,2017-11-15
2829,76,85,ON,484,2018-08-05
2830,24,77,NT,649,2019-04-06
2831,68,74,NS,603,2019-07-11
2832,42,93,PE,508,2017-12-07
2833,74,88,SK,739,2018-05-12
2834,34,90,QC,458,2018-03-14
2835,49,86,NL,605,2018-06-29
2836,83,90,YT,604,2018-03-10
2837,66,92,NT,577,2018-01-02
2838,63,88,PE,604,2018-05-20
2839,52,91,NU,612,2018-02-22
2840,69,92,MB,696,2018-01-03
2841,18,82,QC,628,2018-11-17
2842,70,94,YT,466,2017-11-04
2843,69,92,ON,586,2017-12-28
2844,34,88,NS,506,2018-05-08
2845,67,88,PE,590,2018-05-14
2846,64,78,NT,596,2019-03-05
2847,80,91,NB,597,2018-02-03
2848,23,88,ON,582,2018-05-01
2849,18,67,NS,538,2020-02-03
2850,75,95,SK,546,2017-10-05
2851,75,90,AB,635,2018-03-20
2852,71,88,MB,731,2018-05-20
2853,48,91,QC,614,2018-02-07
2854,40,95,MB,559,2017-10-21
2855,32,93,NT,524,2017-12-06
2856,80,87,ON,543,2018-06-23
2857,69,89,MB,545,2018-04-08
2858,68,86,NL,618,2018-06-27
2859,32,79,NU,385,2019-01-29
2860,24,89,PE,716,2018-04-10
2861,20,95,SK,607,2017-09-30
2862,60,95,NT,500,2017-10-15
2863,78,88,NT,534,2018-04-30
2864,57,90,NS,645,2018-03-09
2865,38,92,NT,685,2018-01-21
2866,74,76,QC,672,2019-04-28
2867,48,93,NL,583,2017-12-10
2868,51,85,ON,609,2018-08-22
2869,45,86,NL,539,2018-07-03
2870,79,92,AB,584,2018-01-14
2871,72,86,YT,691,2018-07-01
2872,67,91,SK,746,2018-02-17
2873,38,92,NL,678,2018-01-25
2874,26,92,MB,645,2018-01-17
2875,81,89,AB,682,2018-04-20
2876,26,95,QC,694,2017-10-21
2877,36,90,SK,695,2018-03-05
2878,62,86,NL,604,2018-07-11
2879,40,92,AB,487,2018-01-14
2880,64,95,NL,731,2017-10-06
2881,81,82,AB,641,2018-11-07
2882,45,89,YT,713,2018-04-18
2883,59,88,NU,738,2018-05-25
2884,42,84,NT,605,2018-09-03
2885,70,94,YT,671,2017-11-24
2886,38,86,YT,739,2018-07-06
2887,73,93,NU,451,2017-12-21
2888,70,87,NT,732,2018-06-03
2889,66,92,BC,480,2018-01-06
2890,62,85,PE,600,2018-08-04
2891,21,93,SK,640,2017-11-28
2892,37,87,ON,538,2018-06-07
2893,32,91,ON,542,2018-02-19
2894,31,90,BC,584,2018-03-03
2895,69,94,NL,602,2017-11-25
2896,84,65,BC,547,2020-04-13
2897,75,91,ON,640,2018-02-11
2898,65,89,BC,613,2018-03-28
2899,21,89,NU,497,2018-04-18
2900,36,92,BC,593,2017-12-31
2901,35,88,NT,475,2018-05-12
2902,61,90,ON,625,2018-03-25
2903,72,87,NT,573,2018-06-04
2904,26,94,NT,488,2017-11-07
2905,69,90,SK,578,2018-03-22
2906,69,92,AB,738,2018-01-17
2907,80,90,SK,616,2018-02-25
2908,63,88,AB,570,2018-05-09
2909,77,96,NL,657,2017-09-14
2910,53,85,NU,547,2018-08-19
2911,48,86,NT,541,2018-07-22
2912,75,89,BC,647,2018-04-16
2913,51,86,BC,604,2018-06-27
2914,24,84,NB,512,2018-09-01
2915,32,93,PE,557,2017-11-28
2916,67,85,YT,555,2018-08-22
2917,77,95,NL,567,2017-10-18
2918,62,92,MB,618,2018-01-25
2919,83,91,MB,567,2018-02-10
2920,78,87,AB,651,2018-06-08
2921,62,95,NU,725,2017-10-14
2922,20,93,NU,551,2017-12-26
2923,31,90,QC,530,2018-02-27
2924,80,87,BC,604,2018-06-15
2925,64,88,NS,534,2018-05-22
2926,40,89,BC,500,2018-04-15
2927,51,92,NT,683,2018-01-13
2928,36,94,NB,538,2017-11-06
2929,65,91,AB,536,2018-02-01
2930,34,85,SK,500,2018-08-21
2931,23,93,YT,609,2017-12-04
2932,24,95,BC,617,2017-10-27
2933,43,95,NT,713,2017-10-07
2934,30,73,SK,687,2019-07-27
2935,73,92,ON,724,2018-01-14
2936,61,95,ON,558,2017-10-10
2937,57,94,NL,601,2017-10-30
2938,66,95,BC,549,2017-10-11
2939,82,91,NL,427,2018-02-04
2940,72,90,NT,529,2018-03-24
2941,36,89,BC,684,2018-04-04
2942,30,88,QC,631,2018-05-13
2943,51,83,NB,551,2018-09-28
2944,32,93,PE,520,2017-12-18
2945,36,89,NT,614,2018-04-16
2946,35,87,PE,466,2018-06-07
2947,59,82,ON,579,2018-11-21
2948,67,74,ON,529,2019-06-23
2949,63,89,NS,606,2018-03-29
2950,71,88,YT,536,2018-05-24
2951,24,94,NL,624,2017-11-17
2952,55,92,ON,734,2018-01-05
2953,48,95,YT,570,2017-10-15
2954,27,85,ON,511,2018-08-07
2955,80,92,NS,523,2017-12-28
2956,53,94,NB,692,2017-11-08
2957,22,92,MB,515,2017-12-30
2958,30,87,AB,646,2018-06-23
2959,68,96,NT,541,2017-09-27
2960,75,90,SK,520,2018-03-26
2961,59,86,NB,620,2018-07-08
2962,78,90,YT,527,2018-03-11
2963,83,93,NU,530,2017-11-28
2964,21,92,QC,597,2018-01-10
2965,26,92,NS,584,2018-01-23
2966,59,84,NL,595,2018-09-21
2967,59,85,QC,450,2018-08-10
2968,67,90,MB,547,2018-03-04
2969,36,91,YT,700,2018-02-11
2970,73,82,SK,602,2018-10-23
2971,57,94,SK,534,2017-11-02
2972,84,83,YT,506,2018-10-14
2973,47,96,ON,638,2017-09-18
2974,48,86,NU,592,2018-07-19
2975,35,88,BC,535,2018-05-11
2976,62,92,AB,657,2018-01-10
2977,41,95,BC,483,2017-10-15
2978,62,89,YT,578,2018-04-20
2979,35,84,NS,789,2018-09-19
2980,40,92,NU,643,2018-01-08
2981,81,90,NB,623,2018-03-19
2982,61,73,YT,631,2019-08-18
2983,59,84,PE,573,2018-08-26
2984,81,94,ON,634,2017-10-29
2985,56,89,NL,496,2018-04-06
2986,45,93,NT,725,2017-12-15
2987,64,92,NT,422,2017-12-29
2988,43,88,NS,619,2018-05-05
2989,58,94,QC,593,2017-11-25
2990,27,87,MB,562,2018-06-14
2991,74,82,QC,546,2018-11-07
2992,25,95,NS,622,2017-10-09
2993,39,88,MB,583,2018-05-24
2994,59,83,NU,558,2018-10-21
2995,25,95,SK,579,2017-10-19
2996,43,85,QC,644,2018-08-23
2997,56,93,NT,791,2017-12-15
2998,28,91,BC,561,2018-02-15
2999,41,94,NS,673,2017-10-29
3000,51,67,NS,505,2020-01-20
